Question_Option,Answer
Dietary fiber:- Decreases the incidence of constipation  ,TRUE
Dietary fiber:- Increases the absorption of cholesterol ,FALSE
Dietary fiber:- Decreases the absorption of zinc ,TRUE
Dietary fiber:- Decreases the incidence of diverticulosis ,TRUE
Dietary fiber:- Helps in better control of diabetes mellitus,TRUE
 Kwashiorkor- Occurs due to protein deficiency,TRUE
 Kwashiorkor- Occurs due to severe calorie deficiency,FALSE
 Kwashiorkor- Is less common in developing countries,TRUE
 Kwashiorkor- Is characterized by hair changes,TRUE
 Kwashiorkor-  Is characterized by muscle wasting,TRUE
 Positive nitrogen balance is found in- Pregnant women,TRUE
 Positive nitrogen balance is found in-  Chronic illness ,FALSE
 Positive nitrogen balance is found in- Growing children,TRUE
 Positive nitrogen balance is found in- Kwashiorkor,FALSE
 Positive nitrogen balance is found in- Malignancy,FALSE
Dairy calorie requirement of a person depends on- Basal metabolic rate,FALSE
Dairy calorie requirement of a person depends on- Economic status,TRUE
Dairy calorie requirement of a person depends on- Thermogenic effect of food,TRUE
Dairy calorie requirement of a person depends on- Physical activity,TRUE
Dairy calorie requirement of a person depends on- Vitamin intake ,FALSE
Nutritional anemia is caused by deficiency of- Vitamin B12,TRUE
Nutritional anemia is caused by deficiency of- Trace metal iron,TRUE
Nutritional anemia is caused by deficiency of- Vitamin niacin,FALSE
Nutritional anemia is caused by deficiency of- Intrinsic factor of castle,TRUE
Nutritional anemia is caused by deficiency of- Calcitriol ,FALSE
Foods having low glycaemic index include- Glucose,FALSE
Foods having low glycaemic index include- Whole grain flour,FALSE
Foods having low glycaemic index include- Carrot,TRUE
Foods having low glycaemic index include- Oatmeal,TRUE
Foods having low glycaemic index include- Baked potato ,FALSE
 Regarding obesity- The primary metabolic effect is dyslipidemia,TRUE
 Regarding obesity- Risk factor of chronic disease,TRUE
 Regarding obesity- Plasma leptin is normal for the fat mass,TRUE
 Regarding obesity- Serum TG is low,FALSE
 Regarding obesity- BMI is less than 30 kg/m² ,FALSE
BEE (BMR) decreases in- over-activity of Na-K' pump,FALSE
BEE (BMR) decreases in-  hypothyroidism ,TRUE
BEE (BMR) decreases in- cold climate,TRUE
BEE (BMR) decreases in- starvation,TRUE
BEE (BMR) decreases in- febrile condition,FALSE
Kwashiorkor- Occurs due to severe calorie deficiency ,FALSE
Kwashiorkor- Causes electrolyte & water imbalance,TRUE
Kwashiorkor- Characterized by oedema ,TRUE
Kwashiorkor- Characterized by monkey face,FALSE
Kwashiorkor- Presented with enlarged liver,TRUE
"B.M.R increases in- Over activity of Na'-K"" pump",TRUE
B.M.R increases in-  Hypothyroidism ,FALSE
B.M.R increases in- Cold climate,TRUE
B.M.R increases in- Starvation,FALSE
B.M.R increases in- Fever,TRUE
BMI- Indicates basal metabolic index,FALSE
BMI- Is used as a marker of nutritional status ,TRUE
BMI-  Is normal up to 35 kg/m²,FALSE
BMI- Is a ratio of height/weight ,FALSE
BMI- Is related with morbidity when >40 kg/m² ,TRUE
BMR increases in- Hot climate,FALSE
BMR increases in- Old age,FALSE
BMR increases in- Starvation,FALSE
BMR increases in- Hypothyroidism,FALSE
BMR increases in- Febrile condition,TRUE
High fiber diets- Reduce incidence of constipation,TRUE
High fiber diets- Increase blood cholesterol ,FALSE
High fiber diets- Have no role in diabetes control,FALSE
High fiber diets- Help to absorption of zinc ,FALSE
High fiber diets- Are chemically non-starch polysaccharides ,TRUE
High fiber diets- Reduce incidence of constipation ,TRUE
High fiber diets- Increase blood cholesterol ,FALSE
High fiber diets- increase the bulk of stool ,TRUE
High fiber diets- Accelerate micro mineral absorption,FALSE
High fiber diets- Cause fullness of stomach,TRUE
"Basal metabolic rate will increase in- Over activity of Na' K"" pump",TRUE
Basal metabolic rate will increase in- Hyperthyroidism,TRUE
Basal metabolic rate will increase in- Hot climate ,FALSE
Basal metabolic rate will increase in- Starvation,TRUE
Basal metabolic rate will increase in- Febrile condition,FALSE
Obesity- Is a type of malnutrition ,TRUE
Obesity- Determined by BMR,FALSE
Obesity- Occurs when energy loss is more than energy gain,FALSE
Obesity- Leads to atherosclerosis ,TRUE
Obesity- Causes psychological disorder ,TRUE
Kwashiorkor is diagnosed by- unilateral pitting oedema ,FALSE
Kwashiorkor is diagnosed by- severe muscle wasting,FALSE
Kwashiorkor is diagnosed by- enlarged fatty liver,TRUE
Kwashiorkor is diagnosed by- hypoalbuminaemia,TRUE
Kwashiorkor is diagnosed by- depigmented hair,TRUE
Positive nitrogen balance occurs in- Extrenous exercise,FALSE
Positive nitrogen balance occurs in-  Growing children,TRUE
Positive nitrogen balance occurs in- Recovery from illness,TRUE
Positive nitrogen balance occurs in- Pregnant women,TRUE
Positive nitrogen balance occurs in- Advanced cancer,FALSE
Nutritional status is can be assessed by- BMI,TRUE
Nutritional status is can be assessed by- BMR,FALSE
Nutritional status is can be assessed by- DRI,FALSE
Nutritional status is can be assessed by- skin fold thickness,TRUE
Nutritional status is can be assessed by- waist hip ratio,TRUE
Calorigenic foods are- Carbohydrate,TRUE
Calorigenic foods are- Proteins ,TRUE
Calorigenic foods are- Fat,TRUE
Calorigenic foods are- Vitamins ,FALSE
Calorigenic foods are- Dietary fiber,FALSE
Features of Kwashiorkor include- Edema,TRUE
Features of Kwashiorkor include- Depigmented hair,TRUE
Features of Kwashiorkor include- Old man like face,FALSE
Features of Kwashiorkor include- Enlarged liver ,TRUE
Features of Kwashiorkor include- Extreme muscle wasting,FALSE
Macronutrients are- Starch ,TRUE
Macronutrients are- Protein,TRUE
Macronutrients are- Iron,FALSE
Macronutrients are- Lipid,TRUE
Macronutrients are- lodine,FALSE
BMR is increased in- Hot climate,TRUE
BMR is increased in- Old age,FALSE
BMR is increased in- Starvation,FALSE
BMR is increased in- Hyperthyroidism,TRUE
BMR is increased in- Febrile condition ,TRUE
The recognized association of obesity are-  Hyperuricaeimia ,TRUE
The recognized association of obesity are- Depression,FALSE
The recognized association of obesity are- Gall stone,TRUE
The recognized association of obesity are- Type-I DM,FALSE
The recognized association of obesity are- Hypolipidaemia ,FALSE
Factors that affect the expenditure of energ are- BMR,TRUE
Factors that affect the expenditure of energ are-  BMI,FALSE
Factors that affect the expenditure of energ are- SDA,TRUE
Factors that affect the expenditure of energ are- Climate,FALSE
Factors that affect the expenditure of energ are- RDA,FALSE
Energy expenditure of a person depends on- Basal metabolic rate,TRUE
Energy expenditure of a person depends on- Body mass index,FALSE
Energy expenditure of a person depends on- Physical activity,TRUE
Energy expenditure of a person depends on- Environmental temperature,FALSE
Energy expenditure of a person depends on- Immune system of the body,FALSE
High fiber diets- Reduce incidence of constipation,TRUE
High fiber diets- Increase blood cholesterol ,FALSE
High fiber diets- Increase the bulk of stool ,TRUE
High fiber diets-  Increase the incidence of diverticulitis ,FALSE
High fiber diets- Decrease zinc absorption,TRUE
Obesity is associated with- Hyperuricaemia,TRUE
Obesity is associated with- Depression,FALSE
Obesity is associated with- Gall stone,TRUE
Obesity is associated with- Type-I DM ,FALSE
Obesity is associated with-  Hyperlipidaemia ,TRUE
Condition for measurement of BMR are- Post absorptive state,TRUE
Condition for measurement of BMR are- Awakeness of subject,TRUE
Condition for measurement of BMR are- Mental and physical relaxation ,TRUE
Condition for measurement of BMR are- Standing position during test ,FALSE
Condition for measurement of BMR are- Environmental temp. between 42-45° C,FALSE
Energy yielding nutrients are- Vitamins ,FALSE
Energy yielding nutrients are- Carbohydrate,TRUE
Energy yielding nutrients are- Fat ,TRUE
Energy yielding nutrients are- Iodine,FALSE
Energy yielding nutrients are- Zinc,FALSE
Dietary deficiency disorders are- Pernicious anemia ,FALSE
Dietary deficiency disorders are- Xeropthalmia,TRUE
Dietary deficiency disorders are-  Marasmus ,TRUE
Dietary deficiency disorders are- Endemic goiter,TRUE
Dietary deficiency disorders are- Addison's disease,FALSE
BMR is increased in- Over activity of Na'-K' pump,TRUE
BMR is increased in- Hyperthyroidism,TRUE
BMR is increased in- Hot climate,TRUE
BMR is increased in- Starvation,FALSE
BMR is increased in- Febrile condition ,TRUE
Kwashiorkor-  Occurs due to severe caloric deficiency,FALSE
Kwashiorkor-  Is characterized by muscle wasting,FALSE
Kwashiorkor- Is characterized by hair changes,TRUE
Kwashiorkor- Is uncommon in developing countries,FALSE
Kwashiorkor- Occurs due to protein deficiency,TRUE
Dietary fiber- Increases the incidence of constipation,FALSE
Dietary fiber- Decreases the incidence of diverticulosis ,TRUE
Dietary fiber- Decreases the absorption of zinc ,FALSE
Dietary fiber- Decreases the absorption of cholesterol ,TRUE
Dietary fiber- Help in better control of diabetes mellitus,TRUE
Actions of dietary fiber- Early emptying of stomach,TRUE
Actions of dietary fiber- Increase absorption of dietary fat ,FALSE
Actions of dietary fiber- Increase fecal loss of cholesterol ,TRUE
Actions of dietary fiber- Reduce exposure of gut to carcinogen ,TRUE
Actions of dietary fiber- Increase post-prandial blood glucose,FALSE
Following diets are the sources of energy- Vitamins,FALSE
Following diets are the sources of energy- Minerals,FALSE
Following diets are the sources of energy- Fats,TRUE
Following diets are the sources of energy- Ethanol ,TRUE
Following diets are the sources of energy- Fibers,TRUE
Glycemic index- Value of food less than one is advised for diabetes ,TRUE
Glycemic index- Of glucose is considered as one,TRUE
Glycemic index- Ranges from zero to one,TRUE
Glycemic index- Of some carbohydrates may exceed one,FALSE
Glycemic index- Of cellulose is zero ,TRUE
Essential nutrients include- essential amino acids,TRUE
Essential nutrients include- water,TRUE
Essential nutrients include- dietary fiber,TRUE
Essential nutrients include- macronutrients only,FALSE
Essential nutrients include- glucose,TRUE
Kwashiorkor is characterized by- Enlarged liver,TRUE
Kwashiorkor is characterized by- Severe muscle wasting,FALSE
Kwashiorkor is characterized by- Wrinkled skin,FALSE
Kwashiorkor is characterized by- Edema,TRUE
Kwashiorkor is characterized by- Pigmented hair,FALSE
Dietary fibers prevent- Sliming,FALSE
Dietary fibers prevent- Calcium absorption,TRUE
Dietary fibers prevent- Obesity,TRUE
Dietary fibers prevent- Diarrhea,FALSE
Dietary fibers prevent- Atherosclerosis,TRUE
Marasmus is characterized are - Severe muscle wasting,TRUE
Marasmus is characterized are - Oedema ,FALSE
Marasmus is characterized are - Hair pigmentation,TRUE
Marasmus is characterized are - Wrinkled skin,TRUE
Marasmus is characterized are - Enlarged liver ,FALSE
SDA of food is - Extra energy production,FALSE
SDA of food is - Extra energy extenditure,TRUE
SDA of food is - Highest for protein,TRUE
SDA of food is - Not required for CHO ,FALSE
SDA of food is - Considered for calculation of energy requirement,TRUE
Marasmus is characterized by- edema,FALSE
Marasmus is characterized by- enlarged liver ,FALSE
Marasmus is characterized by- muscle wasting,TRUE
Marasmus is characterized by- low calorie intake,TRUE
Marasmus is characterized by- hypoalbuminemia ,FALSE
Energy yielding nutrients are- Vitamins ,FALSE
Energy yielding nutrients are-  Carbohydrate,TRUE
Energy yielding nutrients are- Lipid,TRUE
Energy yielding nutrients are- lodine,FALSE
Energy yielding nutrients are- Zinc,FALSE
Dietary deficiency diseases are- Pellagra,TRUE
Dietary deficiency diseases are- Wilson's disease,FALSE
Dietary deficiency diseases are- Haemochromatosis ,FALSE
Dietary deficiency diseases are- beriberi,TRUE
Dietary deficiency diseases are- endemic goiter,TRUE
High fibre diets- cause hypercholesterolemia ,FALSE
High fibre diets- decrease absorption of vit. A ,TRUE
High fibre diets- decrease zinc absorption,FALSE
High fibre diets-  increase calcium absorption ,FALSE
High fibre diets- decrease risk of colon cancer,TRUE
BMR is increases in- athlete,TRUE
BMR is increases in- hot climate,FALSE
BMR is increases in- starvation,FALSE
BMR is increases in- Cushing's syndrome,TRUE
BMR is increases in- Fever,TRUE
Features of Kwashiorkor are - Enlarge liver,TRUE
Features of Kwashiorkor are - Protruded tongue,FALSE
Features of Kwashiorkor are -  Depigmented hair,TRUE
Features of Kwashiorkor are - Mental retardation,TRUE
Features of Kwashiorkor are - Edema,TRUE
Dietary deficiency diseases are - pellagra,TRUE
Dietary deficiency diseases are - Wilson's disease,FALSE
Dietary deficiency diseases are - haemochromatosis ,FALSE
Dietary deficiency diseases are - beriberi,TRUE
Dietary deficiency diseases are - endemic goitre ,TRUE
Nutritional deficiency may cause - neural tube defect in fetus ,TRUE
Nutritional deficiency may cause - xerophthalmia,TRUE
Nutritional deficiency may cause - megaloblastic anaemia,TRUE
Nutritional deficiency may cause - endemic goiter,TRUE
Nutritional deficiency may cause - addison's disease,FALSE
Dietary fibers - Reduce risk of atherosclerosis ,TRUE
Dietary fibers - Increase absorption of fat soluble vitamins ,FALSE
Dietary fibers - Increase absorption of cholesterol,FALSE
Dietary fibers - Decrease incidence of colon cancer,TRUE
Dietary fibers - Impair Zn absorption,TRUE
SDA of food is - Extra energy production ,TRUE
SDA of food is - Extra energy expenditure ,FALSE
SDA of food is - Highest for protein,TRUE
SDA of food is - Not required for carbohydrate ,FALSE
SDA of food is - Considered for calculation of energy requirement ,TRUE
Energy expenditure in BMR is for -  respiration,TRUE
Energy expenditure in BMR is for - cardiac function ,TRUE
Energy expenditure in BMR is for - SDA of food,FALSE
Energy expenditure in BMR is for - physical activity,FALSE
Energy expenditure in BMR is for - sodium potassium pump,TRUE
Dietary fibers are - non-starch polysaccharide,TRUE
Dietary fibers are - found in meat & fish,FALSE
Dietary fibers are - beneficial to diabetic patient ,TRUE
Dietary fibers are - reduces the bulk of intestinal content,TRUE
Dietary fibers are - reduces the risk of colonic cancer,TRUE
BMR will increase in-  Over activity of Na-K pump,FALSE
BMR will increase in- Hyperthyroidism,TRUE
BMR will increase in- Hot climate,FALSE
BMR will increase in- Starvation,FALSE
BMR will increase in- Febrile condition,TRUE
The following are some of essential nutrients that a human diet must contain - water,TRUE
The following are some of essential nutrients that a human diet must contain - essential fatty acids,TRUE
The following are some of essential nutrients that a human diet must contain - purines and pyrimidines,FALSE
The following are some of essential nutrients that a human diet must contain - all of the 20 amino acids that are required in protein synthesis ,FALSE
"The following are some of essential nutrients that a human diet must contain - minerals such as iron, iodine, sodium etc.",TRUE
Diet rich in dietary fiber is associated with reduced incidence of- Colonic cancer,TRUE
Diet rich in dietary fiber is associated with reduced incidence of- Diverticulum of gut ,TRUE
Diet rich in dietary fiber is associated with reduced incidence of- DM,TRUE
Diet rich in dietary fiber is associated with reduced incidence of- IHD ,TRUE
Diet rich in dietary fiber is associated with reduced incidence of- Renal dysfunction,FALSE
The following are observed in high fiber diets- Reduced incidence of constipation ,TRUE
The following are observed in high fiber diets- Decreased blood cholesterol level ,TRUE
The following are observed in high fiber diets- Decreased blood glucose level,FALSE
The following are observed in high fiber diets- Decreased Zn level ,TRUE
The following are observed in high fiber diets- Increased bowel motility,TRUE
Kwashiorkor is characterized by- oedema,TRUE
Kwashiorkor is characterized by- severe loss of sub cutaneous ,FALSE
Kwashiorkor is characterized by- depigmentation of hair,TRUE
Kwashiorkor is characterized by- enlarged liver,TRUE
Kwashiorkor is characterized by- gross underweight (<60% of standard),FALSE
Nutritional disorders include - obesity,TRUE
Nutritional disorders include - kwashiorkor,TRUE
Nutritional disorders include - corneal xerosis,TRUE
Nutritional disorders include - sickle cell anemia,FALSE
Nutritional disorders include - familial hypercholesterolaemia,FALSE
Dietary fiber - reduce cholesterol absorption,TRUE
Dietary fiber - are not digestible ,TRUE
Dietary fiber - prevents constipation,TRUE
Dietary fiber - is not an essential food factor ,FALSE
Dietary fiber - provides energy,FALSE
Positive nitrogen balance occurs in- pregnant women,TRUE
Positive nitrogen balance occurs in- malignancy,TRUE
Positive nitrogen balance occurs in-  growing children,TRUE
Positive nitrogen balance occurs in- convalescence period,TRUE
Positive nitrogen balance occurs in- surgery,FALSE
Marasmus- primarily is due to diet low in protein ,FALSE
Marasmus- is seen in older children,TRUE
Marasmus- is associated with edema ,FALSE
Marasmus- children are usually less intelligent,FALSE
Marasmus- to overcome needs more supplementation of vegetables in diet ,FALSE
 A diet is said to be balanced when it- includes different quantities of food items,TRUE
 A diet is said to be balanced when it- supplies the essential nutrients,TRUE
 A diet is said to be balanced when it- fulfils the caloric requirement only,FALSE
 A diet is said to be balanced when it- selected from particular groups of food ,FALSE
 A diet is said to be balanced when it- includes proportionate quantities of food items,TRUE
Target organs of vitamin D are- Intestine,TRUE
Target organs of vitamin D are- Liver,FALSE
Target organs of vitamin D are- Bones,TRUE
Target organs of vitamin D are- Kidney,TRUE
Target organs of vitamin D are- Lung,FALSE
Vitamin-D is essential for normal- Electrolyte balance ,FALSE
Vitamin-D is essential for normal- Calcium absorption,TRUE
Vitamin-D is essential for normal- Mineralization of bone,TRUE
Vitamin-D is essential for normal- Nerve conduction ,FALSE
Vitamin-D is essential for normal-  Motility of intestine,FALSE
Vitamins needed for RBC synthesis- Ascorbic acid,FALSE
Vitamins needed for RBC synthesis- Folic acid,TRUE
Vitamins needed for RBC synthesis- Nicotinic acid,FALSE
Vitamins needed for RBC synthesis- Pyridoxine,FALSE
Vitamins needed for RBC synthesis- Retinoic acid,FALSE
 Vitamin D- Regulates plasma calcium & phosphate level,TRUE
 Vitamin D-  Endogenously synthesized ,TRUE
 Vitamin D- Does not act like a hormone,FALSE
 Vitamin D- Deposits calcium on bone,FALSE
" Vitamin D- Active form is 1,25 dihydroxycholecalciferol",TRUE
Vitamin-C- Anti-oxidant vitamin,TRUE
Vitamin-C- Synthesized by gut flora,FALSE
Vitamin-C- Found in animal source,FALSE
Vitamin-C- Acts as coenzyme ,TRUE
Vitamin-C- Needs for collagen maturation,TRUE
Active forms of vitamins- Cyanocobalamin,FALSE
Active forms of vitamins- Pyridoxine,FALSE
Active forms of vitamins- Nicotinic acid ,FALSE
Active forms of vitamins- Ascorbic acid,TRUE
Active forms of vitamins- ẞ-carotene,FALSE
Energy releasing vitamins are- Pantothenic acid,TRUE
Energy releasing vitamins are- Tocopherol,FALSE
Energy releasing vitamins are- Methyl cobalamin,FALSE
Energy releasing vitamins are- Riboflavin,TRUE
Energy releasing vitamins are- Thiamine,TRUE
Ascorbic acid- Helps in synthesis of collagen,TRUE
Ascorbic acid- Helps in maturation of collagen,FALSE
Ascorbic acid- Scavenges free radicals,TRUE
Ascorbic acid- Helps in iron absorption ,TRUE
Ascorbic acid- Deficiency causes beriberi,FALSE
Neurological manifestations occurs in deficiency of- Vitamin C,FALSE
Neurological manifestations occurs in deficiency of- Thiamine,TRUE
Neurological manifestations occurs in deficiency of- Niacin,TRUE
Neurological manifestations occurs in deficiency of- Vitamin A,FALSE
Neurological manifestations occurs in deficiency of- Folic acid,TRUE
Retinoic acid mediates- Promotion of growth,TRUE
Retinoic acid mediates- Differentiation of epithelial tissue,TRUE
Retinoic acid mediates- Formation of visual pigment,TRUE
Retinoic acid mediates- Calcium deposition of bone,FALSE
Retinoic acid mediates- Retinoid specific RNA synthesis,FALSE
Water soluble vitamins- Usually acts as coenzyme,TRUE
Water soluble vitamins- All come from plant sources,FALSE
Water soluble vitamins- Does not show any toxic effect,TRUE
Water soluble vitamins- Is essential for blood clotting,FALSE
Water soluble vitamins- Requires carrier for absorption,FALSE
Vitamin B2- Is abundant in vegetables,FALSE
Vitamin B2- Can be stored in the liver,TRUE
Vitamin B2-  Deficiency causes microcytic anemia,FALSE
Vitamin B2- Is required for RBC maturation,TRUE
Vitamin B2- Is known as extrinsic factor,TRUE
Functions of ascorbic acid include- Synthesis of collagen tissue,TRUE
Functions of ascorbic acid include- Synthesis of bile acid in the liver,TRUE
Functions of ascorbic acid include- Synthesis of steroid hormone in adrenal gland ,FALSE
Functions of ascorbic acid include- Takes part in acid base balance,FALSE
Functions of ascorbic acid include- Large amount acts as a denaturing agent for protein,TRUE
Thiamin- Helps in oxidative decarboxylation reaction,TRUE
Thiamin- Deficiency increases blood pyruvate level,FALSE
Thiamin- Deficiency causes dermatitis,FALSE
Thiamin- Deficiency affects peripheral nervous system,TRUE
Thiamin- is abundant in refine carbohydrate ,TRUE
The following can occur in rickets- Soft tissue calcification,FALSE
The following can occur in rickets- Decrease in plasma calcium,TRUE
The following can occur in rickets- Demineralization of bone,TRUE
The following can occur in rickets- Decrease in plasma inorganic phosphorus,TRUE
"The following can occur in rickets- Increased formation of 1,25(OH)2D3",FALSE
Pellagra is associated with- Thiamine deficiency,FALSE
Pellagra is associated with- Dermatitis ,TRUE
Pellagra is associated with- Cheliosis,FALSE
Pellagra is associated with- Niacin deficiency,TRUE
Pellagra is associated with- Diarrhea ,TRUE
Vitamins- are inorganic substances,FALSE
Vitamins- are required in large amount,FALSE
Vitamins- never synthesized by the body ,FALSE
Vitamins- include some of that act as hormone,TRUE
Vitamins- include some of that act as antioxidant ,TRUE
The following vitamins act as coenzyme- thiamin,TRUE
The following vitamins act as coenzyme- pyridoxine,TRUE
The following vitamins act as coenzyme- vitamin-A,FALSE
The following vitamins act as coenzyme-  vitamin-K,FALSE
The following vitamins act as coenzyme- vitamin-D,FALSE
Vitamins needed for maturation of RBC are- vitamin C,FALSE
Vitamins needed for maturation of RBC are- vitamin-A,FALSE
Vitamins needed for maturation of RBC are- pyridoxine,FALSE
Vitamins needed for maturation of RBC are-  folic acid,TRUE
Vitamins needed for maturation of RBC are- cobalamine,TRUE
Functions of ascorbic acid are to help- synthesis of collagen,TRUE
Functions of ascorbic acid are to help- absorption of iron,TRUE
Functions of ascorbic acid are to help- formation of clotting factor,FALSE
Functions of ascorbic acid are to help- synthesis of steroid hormone,FALSE
Functions of ascorbic acid are to help- mineralization of bone,FALSE
Vitamin K- can be synthesized in liver,FALSE
Vitamin K- is a fat soluble vitamin,TRUE
Vitamin K- deficiency is common in premature newborn baby,TRUE
Vitamin K- acts as coenzyme for clotting factor maturation,TRUE
Vitamin K- is an antioxidant vitamin,FALSE
Vitamin K- Needs for post translational modification of factor-II,TRUE
Vitamin K- Is synthesized in liver,FALSE
Vitamin K- Is synthesized by intestinal bacteria,TRUE
Vitamin K-  Deficiency is common in premature new born baby,TRUE
Vitamin K- Transmits from mother to baby through placenta ,FALSE
Retinoic acid mediate- Promotion of growth,TRUE
Retinoic acid mediate- Differentiation of epithelial tissue,TRUE
Retinoic acid mediate- Formation of visual pigment,TRUE
Retinoic acid mediate- Calcium deposition in bone,FALSE
Retinoic acid mediate- Retinoid specific RNA synthesis,FALSE
Vitamins needed for maturation of RBC are- Vitamin-C,FALSE
Vitamins needed for maturation of RBC are- Vitamin-A,FALSE
Vitamins needed for maturation of RBC are- Folic acid,TRUE
Vitamins needed for maturation of RBC are- Vitamin-B12,TRUE
Vitamins needed for maturation of RBC are- Riboflavin,FALSE
Water soluble vitamins- Usually act as coenzyme,TRUE
Water soluble vitamins- Are stored in liver,FALSE
Water soluble vitamins- Always plant origin,FALSE
Water soluble vitamins- Usually have no toxic effects in excess dose,TRUE
Water soluble vitamins- Are lost from food due to faulty cooking process ,TRUE
Pellagra is characterized by- Dementia,TRUE
Pellagra is characterized by- Dental carries,FALSE
Pellagra is characterized by- Diplopia,FALSE
Pellagra is characterized by- Diarrhea ,TRUE
Pellagra is characterized by- Dermatitis,TRUE
Vitamin B12- Contains a corin ring,FALSE
Vitamin B12- Known as extrinsic factor,TRUE
Vitamin B12- Can not absorbed without intrinsic factor,TRUE
Vitamin B12- Deficiency leads to microcytic anemia,FALSE
Vitamin B12- Deficiency is common in non vegetarian population,FALSE
Vitamin synthesized within the body are- Vitamin-A,FALSE
Vitamin synthesized within the body are- Vitamin D,TRUE
Vitamin synthesized within the body are- Vitamin B,FALSE
Vitamin synthesized within the body are- Vitamin B2,FALSE
Vitamin synthesized within the body are- Vitamin E,FALSE
Vitamin-C - Needs for maturation of collagen fiber - True,TRUE
Vitamin-C - Deficiency causes megaloblastic anemia - False,FALSE
Vitamin-C - Deficiency causes microcytic anemia - False,FALSE
Vitamin-C - Acts as coenzyme in hydroxylation reaction - True,TRUE
Vitamin-C - Helps in activation of clotting factor - False,FALSE
Antioxidant vitamins include - Beta carotene - True,TRUE
Antioxidant vitamins include - Ascorbic acid - True,TRUE
Antioxidant vitamins include - Cobalamin - False,FALSE
Antioxidant vitamins include - Tocopherol - True,TRUE
Antioxidant vitamins include - Calcitriol - False,FALSE
Folic acid - Contains a glutamate residue - True,TRUE
Folic acid - Is needed for the integrity of myelin - False,FALSE
Folic acid - Is used to prevent neural tube defect - True,TRUE
Folic acid - Acts as carrier of activated one - True,TRUE
Folic acid - Deficiency leads to pernicious anemia - False,FALSE
Vitamins needed for maturation of RBC are - Ascorbic acid - False,FALSE
Vitamins needed for maturation of RBC are - Retinol - False,FALSE
Vitamins needed for maturation of RBC are - Pyridoxine - False,FALSE
Vitamins needed for maturation of RBC are - Folic acid - True,TRUE
Vitamins needed for maturation of RBC are - Cobalamin - True,TRUE
Pellagra is characterized by - Dementia - True,TRUE
Pellagra is characterized by - Dental carries - False,FALSE
Pellagra is characterized by - Diarrhea - True,TRUE
Pellagra is characterized by - Diplopia - False,FALSE
Pellagra is characterized by - Dermatitis - True,TRUE
Following vitamins are stored in the liver - Vitamin A - True,TRUE
Following vitamins are stored in the liver - Vitamin D - True,TRUE
Following vitamins are stored in the liver - Vitamin B12 - True,TRUE
Following vitamins are stored in the liver - Ascorbic acid - False,FALSE
Following vitamins are stored in the liver - Niacin - False,FALSE
Sources of B-carotene are - Carrot - True,TRUE
Sources of B-carotene are - Cauliflower - True,TRUE
Sources of B-carotene are - Cabbage - True,TRUE
Sources of B-carotene are - Liver - False,FALSE
Sources of B-carotene are - Kidney - False,FALSE
Vitamin-K - Can be synthesized in the liver - False,FALSE
Vitamin-K - Is a fat-soluble vitamin - True,TRUE
Vitamin-K - Acts as an antioxidant - False,FALSE
Vitamin-K - Needs for carboxylation reaction - False,FALSE
Vitamin-K - Deficiency causes hemorrhagic disease - True,TRUE
Vitamins synthesized within the body are - Vitamin A - False,FALSE
Vitamins synthesized within the body are - Vitamin D - True,TRUE
Vitamins synthesized within the body are - Vitamin K - True,TRUE
Vitamins synthesized within the body are - Vitamin B₁ - False,FALSE
Vitamins synthesized within the body are - Vitamin B1 - True,TRUE
Biological antioxidant is a function of - Beta-carotene - True,TRUE
Biological antioxidant is a function of - Calcitriol - False,FALSE
Biological antioxidant is a function of - Tocopherol - True,TRUE
Biological antioxidant is a function of - Retinol - False,FALSE
Biological antioxidant is a function of - Ascorbic acid - True,TRUE
Ascorbic acid - Helps in calcium absorption - False,FALSE
Ascorbic acid - Helps in collagen synthesis - True,TRUE
Ascorbic acid - Helps in iron absorption - True,TRUE
Ascorbic acid - Deficiency leads to cretinism - False,FALSE
Ascorbic acid - Helps in hydroxylation reaction - True,TRUE
Water-soluble vitamin - Usually acts as a coenzyme - True,TRUE
Water-soluble vitamin - Absorption needs carrier - False,FALSE
Water-soluble vitamin - Does not show any toxic effect - True,TRUE
Water-soluble vitamin - Always stored in liver - False,FALSE
Water-soluble vitamin - Easily excreted from the body - True,TRUE
True statements for vitamin-B₁ are that - It can be synthesized in vivo - True,TRUE
True statements for vitamin-B₁ are that - Its source is green leafy vegetables - False,FALSE
True statements for vitamin-B₁ are that - Its deficiency causes dermatitis - False,FALSE
True statements for vitamin-B₁ are that - It is called extrinsic factor - True,TRUE
True statements for vitamin-B₁ are that - Deficiency of it causes microcytic anemia - False,FALSE
Vitamin-D is essential for normal - Electrolyte balance - False,FALSE
Vitamin-D is essential for normal - Calcium absorption - True,TRUE
Vitamin-D is essential for normal - Mineralization of bone - True,TRUE
Vitamin-D is essential for normal - Nerve conduction - False,FALSE
Vitamin-D is essential for normal - Motility of small intestine - False,FALSE
Vitamin-C is required for the synthesis of - Hydroxyproline - True,TRUE
Vitamin-C is required for the synthesis of - Nor-epinephrine - False,FALSE
Vitamin-C is required for the synthesis of - Pyrimidine - False,FALSE
Vitamin-C is required for the synthesis of - Hydroxylcalciferol - False,FALSE
Vitamin-C is required for the synthesis of - Hydroxyllysine - True,TRUE
Anemia may result from deficiency of - Vitamin C - True,TRUE
Anemia may result from deficiency of - Vitamin D - False,FALSE
Anemia may result from deficiency of - Vitamin K - False,FALSE
Anemia may result from deficiency of - Vitamin B2 - True,TRUE
Anemia may result from deficiency of - Folic acid - True,TRUE
Vitamin-C is required for the synthesis of - Nor-epinephrine - False,FALSE
Vitamin-C is required for the synthesis of - Prothrombin - False,FALSE
Vitamin-C is required for the synthesis of - Hydroxyproline - True,TRUE
Vitamin-C is required for the synthesis of - Nucleotides - False,FALSE
Vitamin-C is required for the synthesis of - Heme - True,TRUE
Vitamins synthesized in the human body include - Pyridoxine - True,TRUE
Vitamins synthesized in the human body include - Biotin - True,TRUE
Vitamins synthesized in the human body include - Niacin - True,TRUE
Vitamins synthesized in the human body include - Alpha-tocopherol - False,FALSE
Vitamins synthesized in the human body include - Calcitriol - False,FALSE
Pellagra is a disease that involves - Skin - True,TRUE
Pellagra is a disease that involves - GIT - True,TRUE
Pellagra is a disease that involves - Kidney - False,FALSE
Pellagra is a disease that involves - Lung - False,FALSE
Pellagra is a disease that involves - CNS - True,TRUE
Following statements are true regarding Vitamin-B - It is known as extrinsic factor - True,TRUE
Following statements are true regarding Vitamin-B - Intrinsic factor is needed for its absorption - True,TRUE
Following statements are true regarding Vitamin-B - It is readily excreted in urine - False,FALSE
Following statements are true regarding Vitamin-B - Vegetables are the richest source of it - False,FALSE
Following statements are true regarding Vitamin-B - Folic acid scarcity is related with it - True,TRUE
Vitamin-K deficiency may occur in - Antibiotic therapy - True,TRUE
Vitamin-K deficiency may occur in - Obstructive jaundice - False,FALSE
Vitamin-K deficiency may occur in - Protein energy malnutrition - False,FALSE
Vitamin-K deficiency may occur in - Chronic liver disease - False,FALSE
Vitamin-K deficiency may occur in - Renal rickets - False,FALSE
Vitamins stored in the liver include - Vitamin A - True,TRUE
Vitamins stored in the liver include - Vitamin D - True,TRUE
Vitamins stored in the liver include - Vitamin B1 - True,TRUE
Vitamins stored in the liver include - Vitamin B6 - False,FALSE
Vitamins stored in the liver include - Vitamin B2 - False,FALSE
Target organs of Vitamin-D are - Intestine - True,TRUE
Target organs of Vitamin-D are - Liver - False,FALSE
Target organs of Vitamin-D are - Bones - True,TRUE
Target organs of Vitamin-D are - Kidney - True,TRUE
Target organs of Vitamin-D are - Skin - False,FALSE
Following acids are vitamins - Nicotinic acid - True,TRUE
Following acids are vitamins - Lipoic acid - False,FALSE
Following acids are vitamins - Pantothenic acid - True,TRUE
Following acids are vitamins - Pyruvic acid - False,FALSE
Following acids are vitamins - Butyric acid - False,FALSE
Anemia can occur due to deficiency of - Thiamin - False,FALSE
Anemia can occur due to deficiency of - Niacin - False,FALSE
Anemia can occur due to deficiency of - Pyridoxine - False,FALSE
Anemia can occur due to deficiency of - Folic acid - True,TRUE
Anemia can occur due to deficiency of - Cobalamin - True,TRUE
Pellagra is characterized by - Dementia - True,TRUE
Pellagra is characterized by - Dental fluorosis - False,FALSE
Pellagra is characterized by - Diarrhea - True,TRUE
Pellagra is characterized by - Diplopia - False,FALSE
Pellagra is characterized by - Dermatitis - True,TRUE
Deficiency of the following vitamins affects the nervous system - Thiamin - True,TRUE
Deficiency of the following vitamins affects the nervous system - Ascorbic acid - False,FALSE
Deficiency of the following vitamins affects the nervous system - Folic acid - False,FALSE
Deficiency of the following vitamins affects the nervous system - Vitamin B12 - False,FALSE
Deficiency of the following vitamins affects the nervous system - Cholecalciferol - False,FALSE
Vitamin-K - Plays an essential role in clot formation - True,TRUE
Vitamin-K - Increases coagulation time - False,FALSE
Vitamin-K - Is present in high concentration in breast milk - True,TRUE
Vitamin-K - Is synthesized by intestinal bacteria - True,TRUE
Vitamin-K - Is a water-soluble vitamin - False,FALSE
Ascorbic acid acts as a coenzyme - For copper-containing hydroxylases - True,TRUE
Ascorbic acid acts as a coenzyme - Which can be synthesized in humans via the glucuronic acid pathway - True,TRUE
Ascorbic acid acts as a coenzyme - For post-translational modification of collagen - False,FALSE
Ascorbic acid acts as a coenzyme - Whose deficiency in the diet leads to hemorrhagic disorder - True,TRUE
Ascorbic acid acts as a coenzyme - Which when taken in excess can lead to toxicity - False,FALSE
Vitamins stored in the liver includes- vitamin A - true,TRUE
Vitamins stored in the liver includes- vitamin C - false,FALSE
Vitamins stored in the liver includes- vitamin B2 - true,TRUE
Vitamins stored in the liver includes- vitamin B2 - false,FALSE
Vitamins stored in the liver includes- vitamin D - true,TRUE
Anemia may result from deficiency of- vitamin C - false,FALSE
Anemia may result from deficiency of- vitamin D - false,FALSE
Anemia may result from deficiency of- vitamin K - false,FALSE
Anemia may result from deficiency of- vitamin Bn - true,TRUE
Anemia may result from deficiency of- folic acid - true,TRUE
Functions of ascorbic acid includes- synthesis of collagen tissue - true,TRUE
Functions of ascorbic acid includes- synthesis of bile acid in the liver - true,TRUE
Functions of ascorbic acid includes- synthesis of steroid hormone in adrenal cortex - false,FALSE
Functions of ascorbic acid includes- maintenance of integrity of reproductive tissue - false,FALSE
Functions of ascorbic acid includes- helping for bone formation - false,FALSE
Energy releasing vitamins include- cobalamin - false,FALSE
Energy releasing vitamins include- thiamin - true,TRUE
Energy releasing vitamins include- niacin - true,TRUE
Energy releasing vitamins include- folic acid - false,FALSE
Energy releasing vitamins include- riboflavin - true,TRUE
The deficiency vitamins have neurological manifestations- Vitamin-C - false,FALSE
The deficiency vitamins have neurological manifestations- Vitamin-B - true,TRUE
The deficiency vitamins have neurological manifestations- Niacin - false,FALSE
The deficiency vitamins have neurological manifestations- Vitamin-B12 - true,TRUE
The deficiency vitamins have neurological manifestations- Vitamin-A - false,FALSE
Vitamins stored in liver include- Vitamin-A - true,TRUE
Vitamins stored in liver include- Vitamin-C - false,FALSE
Vitamins stored in liver include- Vitamin-B12 - true,TRUE
Vitamins stored in liver include- Vitamin-B - false,FALSE
Vitamins stored in liver include- Vitamin-D - true,TRUE
The active forms of vitamin-A are- Retinol - true,TRUE
The active forms of vitamin-A are- B-carotene - true,TRUE
The active forms of vitamin-A are- Retinal - true,TRUE
The active forms of vitamin-A are- Retinoic acid - true,TRUE
The active forms of vitamin-A are- lodopsin - false,FALSE
Deficiency of vitamin A may lead to- Nyctalopia - true,TRUE
Deficiency of vitamin A may lead to- Bitot's spot - true,TRUE
Deficiency of vitamin A may lead to- Muscular dystrophy - false,FALSE
Deficiency of vitamin A may lead to- Xerophthalmia - true,TRUE
Deficiency of vitamin A may lead to- Hemolytic anemia - false,FALSE
Vitamin B- Is found in green vegetables - false,FALSE
Vitamin B- Is required for methionine synthesis - true,TRUE
Vitamin B- Is stored in liver - true,TRUE
Vitamin B- Deficiency causes neural tube defect - false,FALSE
Vitamin B- Absorption occurs in duodenum - false,FALSE
The following are the function of vit. A- synthesis of collagen - false,FALSE
The following are the function of vit. A- synthesis of rodopsin - true,TRUE
The following are the function of vit. A- maintenance of epithelial tissue - true,TRUE
The following are the function of vit. A- methyl group transfer - false,FALSE
The following are the function of vit. A- haemopoiesis - false,FALSE
The following vitamins are stored in our body- VitB12 - true,TRUE
The following vitamins are stored in our body- folic acid - false,FALSE
The following vitamins are stored in our body- retinol - true,TRUE
The following vitamins are stored in our body- pyridoxine - true,TRUE
The following vitamins are stored in our body- cholecalciferol - true,TRUE
Folic acid deficiency cause- neural tube defect - true,TRUE
Folic acid deficiency cause- pernicious anemia - false,FALSE
Folic acid deficiency cause- megaloblastic anemia - true,TRUE
Folic acid deficiency cause- degeneration of the spinal cord - false,FALSE
Folic acid deficiency cause- hypercholesterolemia - false,FALSE
Endogenously synthesized vitamins are- cholecalciferol - true,TRUE
Endogenously synthesized vitamins are- vitamin B12 - true,TRUE
Endogenously synthesized vitamins are- folic acid - false,FALSE
Endogenously synthesized vitamins are- vitamin k - true,TRUE
Endogenously synthesized vitamins are- Retinol - false,FALSE
Vitamins needed for maturation of RBC are- vitamin C - true,TRUE
Vitamins needed for maturation of RBC are- vitamin A - false,FALSE
Vitamins needed for maturation of RBC are- nicotinic acid - false,FALSE
Vitamins needed for maturation of RBC are- cyanocobalamin - true,TRUE
Vitamins needed for maturation of RBC are- folic acid - true,TRUE
Endogenously synthesized vitamins are- vitamin K - true,TRUE
Endogenously synthesized vitamins are- vitamin C - false,FALSE
Endogenously synthesized vitamins are- vitamin A - false,FALSE
Endogenously synthesized vitamins are- vitamin B12 - true,TRUE
Endogenously synthesized vitamins are- niacin - true,TRUE
The following vitamin deficiencies cause neurological manifestation- vitamin A - false,FALSE
The following vitamin deficiencies cause neurological manifestation- thiamine - false,FALSE
The following vitamin deficiencies cause neurological manifestation- vitamin B12 - true,TRUE
The following vitamin deficiencies cause neurological manifestation- vitamin C - false,FALSE
The following vitamin deficiencies cause neurological manifestation- vitamin K - false,FALSE
Vitamins stored in the body are- retinol - true,TRUE
Vitamins stored in the body are- thiamine - false,FALSE
Vitamins stored in the body are- vitamin B12 - true,TRUE
Vitamins stored in the body are- vitamin C - false,FALSE
Vitamins stored in the body are- niacin - false,FALSE
"1,25 dihydroxy cholecalciferol level is regulated by- Plasma HCO3 level - false",FALSE
"1,25 dihydroxy cholecalciferol level is regulated by- Plasma PO4 level - true",TRUE
"1,25 dihydroxy cholecalciferol level is regulated by- Plasma K+ level - false",FALSE
"1,25 dihydroxy cholecalciferol level is regulated by- Plasma Ca level - true",TRUE
"1,25 dihydroxy cholecalciferol level is regulated by- Parathyroid hormone - true",TRUE
Ascorbic acid- Helps in calcium absorption - false,FALSE
Ascorbic acid- Helps in collagen synthesis - true,TRUE
Ascorbic acid- Helps in iron absorption - true,TRUE
Ascorbic acid- Deficiency may cause haemorrhage - true,TRUE
Ascorbic acid- Has no antioxidant properties - false,FALSE
Vitamin K- Can be synthesized in liver - false,FALSE
Vitamin K- Is a fat soluble vitamin - true,TRUE
Vitamin K- Is antioxidant - false,FALSE
Vitamin K- Is synthesized by intestinal bacteria - true,TRUE
Vitamin K- Deficiency is manifested as haemorrhage - true,TRUE
The following statement is true for the vitamin B11 molecule- Synthesized by micro-organism - true,TRUE
The following statement is true for the vitamin B11 molecule- Found in the vegetable - false,FALSE
The following statement is true for the vitamin B11 molecule- Stored long time in the body - true,TRUE
The following statement is true for the vitamin B11 molecule- Contain copper molecule - false,FALSE
The following statement is true for the vitamin B11 molecule- Absorbed from terminal ileum - true,TRUE
"In ""Folate trap"" effect, there is- Deficiency of folic acid - false",FALSE
"In ""Folate trap"" effect, there is- Deficiency of cobalamin - true",TRUE
"In ""Folate trap"" effect, there is- Accumulation of N3 methyl form of THF - true",TRUE
"In ""Folate trap"" effect, there is- Symptoms of iron deficiency anaemia - false",FALSE
"In ""Folate trap"" effect, there is- Symptoms of megaloblastic anaemia - true",TRUE
Deficiency of the following vitamins can lead to anemia- folic acid - true,TRUE
Deficiency of the following vitamins can lead to anemia- riboflavin - false,FALSE
Deficiency of the following vitamins can lead to anemia- vitamin C - false,FALSE
Deficiency of the following vitamins can lead to anemia- pyridoxine - true,TRUE
Deficiency of the following vitamins can lead to anemia- vitamin D - false,FALSE
Iron is- A constituents of non-heme enzyme - true,TRUE
Iron is- Absorbed in ferric form - false,FALSE
Iron is- Transported as ferritin - false,FALSE
Iron is- Stored as hemosiderin and ferritin - true,TRUE
Iron is- Lost from desquamated surface cells - true,TRUE
Zinc is a co-factor of: Carbonic anhydrase - true,TRUE
Zinc is a co-factor of: Alkaline phosphatase - true,TRUE
Zinc is a co-factor of: DNA polymerase - false,FALSE
Zinc is a co-factor of: Catalase - false,FALSE
Zinc is a co-factor of: Peroxidase - false,FALSE
Zinc- Essential component of carbonic anhydrase - false,FALSE
Zinc- Deficiency leads to goiter - false,FALSE
Zinc- Helps in iron absorption - true,TRUE
Zinc- Necessary for wound healing - true,TRUE
Zinc- Should be supplemented following diarrhea - true,TRUE
Zinc- Helps in iron absorption - false,FALSE
Zinc- Deficiency leads to gum bleeding - false,FALSE
Zinc- Necessary for wound healing - true,TRUE
Zinc- Supplementation is given in children during diarrhea - true,TRUE
Zinc- Essential component of transferring - false,FALSE
Zinc deficiency may leads to: Growth failure - true,TRUE
Zinc deficiency may leads to: Delayed wound healing - true,TRUE
Zinc deficiency may leads to: Hypogonadism - true,TRUE
Zinc deficiency may leads to: Cretinism - false,FALSE
Zinc deficiency may leads to: Ricket - false,FALSE
Nutrients involved in reproduction is: Vitamin K - false,FALSE
Nutrients involved in reproduction is: Alpha tocopherol - true,TRUE
Nutrients involved in reproduction is: Zinc - true,TRUE
Nutrients involved in reproduction is: Iron - false,FALSE
Nutrients involved in reproduction is: Vitamin A - true,TRUE
Iron absorption is decreased: In achlorhydria - true,TRUE
Iron absorption is decreased: When intestinal ferritin is low - true,TRUE
Iron absorption is decreased: When plasma transferrin is low - false,FALSE
Iron absorption is decreased: When erythropoiesis is more - false,FALSE
Iron absorption is decreased: In vitamin C deficiency - true,TRUE
Iodine- is a macro mineral - false,FALSE
Iodine- requires for thyroid hormone synthesis - true,TRUE
Iodine- deficiency causes tetany - false,FALSE
Iodine- is found in sea food - true,TRUE
Iodine- has no effect on mental maturity of a child - false,FALSE
Zinc deficiency can lead to: Hypogonadism - true,TRUE
Zinc deficiency can lead to: Growth failure - true,TRUE
Zinc deficiency can lead to: Impaired taste activity - true,TRUE
Zinc deficiency can lead to: Delayed milestone development - false,FALSE
Zinc deficiency can lead to: Protrudated tongue - false,FALSE
Zinc deficiency may leads to: Growth failure - true,TRUE
Zinc deficiency may leads to: Delayed wound healing - true,TRUE
Zinc deficiency may leads to: Hypogonadism - true,TRUE
Zinc deficiency may leads to: Cretinism - false,FALSE
Zinc deficiency may leads to: Ricket - false,FALSE
Iron- is absorbed in ferrous form from GIT - true,TRUE
Iron- is transported in blood bound to albumin - false,FALSE
Iron- absorption is facilitated by vitamin-C - true,TRUE
Iron- is stored in the body as ferritin - true,TRUE
Iron- excreted through bile - false,FALSE
Trace elements deficiency disorders are- goiter - true,TRUE
Trace elements deficiency disorders are- scurvy - false,FALSE
Trace elements deficiency disorders are- rickets - false,FALSE
Trace elements deficiency disorders are- microcytic hypochromic anemia - true,TRUE
Trace elements deficiency disorders are- pernicious anemia - false,FALSE
Trace elements deficiency disorders are- Iodine deficiency goiter - true,TRUE
Trace elements deficiency disorders are- Iron deficiency anemia - true,TRUE
Trace elements deficiency disorders are- Night blindness - false,FALSE
Trace elements deficiency disorders are- Nutritional ricket - false,FALSE
Trace elements deficiency disorders are- Megaloblastic anemia - false,FALSE
Microminerals include- Sodium - false,FALSE
Microminerals include- Copper - true,TRUE
Microminerals include- Potassium - false,FALSE
Microminerals include- Zinc - true,TRUE
Microminerals include- Calcium - false,FALSE
Iron- Is absorbed in ferrous state from GIT - true,TRUE
Iron- Is transported in blood bound to plasma albumin - false,FALSE
Iron- Is stored as ferritin - true,TRUE
Iron- Is excreted via urine - false,FALSE
Iron- Absorption is enhanced by vit-C - true,TRUE
Consumption of iodized salt is recommended for prevention of- Hypertension - False,FALSE
Consumption of iodized salt is recommended for prevention of- Hyperthyroidism - False,FALSE
Consumption of iodized salt is recommended for prevention of- Endemic goiter - True,TRUE
Consumption of iodized salt is recommended for prevention of- Cretinism - True,TRUE
Consumption of iodized salt is recommended for prevention of- Dwarfism - True,TRUE
Plasma calcium binds with- Hypertension - False,FALSE
Plasma calcium binds with- Hyperthyroidism - False,FALSE
Plasma calcium binds with- Endemic goiter - True,TRUE
Plasma calcium binds with- Cretinism - True,TRUE
Plasma calcium binds with- Dwarfism - True,TRUE
Trace element deficiency disease include- Pernicious anemia - False,FALSE
Trace element deficiency disease include- Goiter - True,TRUE
Trace element deficiency disease include- Dental caries - True,TRUE
Trace element deficiency disease include- Scurvy - False,FALSE
Trace element deficiency disease include- Microcytic hypochromic anemia - True,TRUE
Iron is stored in the form of- Transferring - False,FALSE
Iron is stored in the form of- Myoglobin - True,TRUE
Iron is stored in the form of- Ferritin - True,TRUE
Iron is stored in the form of- Haemosiderin - True,TRUE
Iron is stored in the form of- Haemoglobin - True,TRUE
Trace element deficiency diseases are- iodine deficiency goiter - True,TRUE
Trace element deficiency diseases are- iron deficiency anemia - True,TRUE
Trace element deficiency diseases are- beriberi - False,FALSE
Trace element deficiency diseases are- scurvy - False,FALSE
Trace element deficiency diseases are- zinc deficiency hypogonadism - True,TRUE
Trace elements include- Na - False,FALSE
Trace elements include- Iodine - True,TRUE
Trace elements include- Zinc - True,TRUE
Trace elements include- Mg - False,FALSE
Trace elements include- K - False,FALSE
Functions of sodium are- Maintenance of fluid balance - True,TRUE
Functions of sodium are- Neuromuscular excitability - True,TRUE
Functions of sodium are- Stimulation of thirst center - False,FALSE
Functions of sodium are- Generation of resting membrane potential - 1,FALSE
Functions of sodium are- Generation of action potential - True,TRUE
Iron containing compound include- Ferritin - True,TRUE
Iron containing compound include- Ceruloplasmin - True,TRUE
Iron containing compound include- Porphyrin - False,FALSE
Iron containing compound include- Cytochrome - True,TRUE
Iron containing compound include- Thyroglobulin - False,FALSE
Iron is- Absorbed in ferrous form - True,TRUE
Iron is- Absorbed very efficiently from intestine - True,TRUE
Iron is- Transported in blood bound to albumin - False,FALSE
Iron is- Stored in the body in the form of ferritin - True,TRUE
Iron is- Excreted in bile & feces - True,TRUE
Calcium homeostasis is maintained by- Calcitriol - True,TRUE
Calcium homeostasis is maintained by- TSH - False,FALSE
Calcium homeostasis is maintained by- Parathormone - True,TRUE
Calcium homeostasis is maintained by- Calcitonin - True,TRUE
Calcium homeostasis is maintained by- Retinoic acid - False,FALSE
Trace elements deficiency diseases are- Wilson's disease - True,TRUE
Trace elements deficiency diseases are- goiter - True,TRUE
Trace elements deficiency diseases are- megaloblastic anemia - False,FALSE
Trace elements deficiency diseases are- dental carries - True,TRUE
Trace elements deficiency diseases are- iron deficiency anemia - True,TRUE
Anemia may result from deficiency of- vit C - False,FALSE
Anemia may result from deficiency of- vit D - False,FALSE
Anemia may result from deficiency of- vit B12 - True,TRUE
Anemia may result from deficiency of- folic acid - True,TRUE
Anemia may result from deficiency of- vit K - False,FALSE
Trace element deficiency diseases are- Iodine deficiency goiter - True,TRUE
Trace element deficiency diseases are- Iron deficiency anemia - True,TRUE
Trace element deficiency diseases are- Marasmus - False,FALSE
Trace element deficiency diseases are- Scurvy - False,FALSE
Trace element deficiency diseases are- Beriberi - False,FALSE
Trace element deficiency diseases are- iodine deficiency goiter - True,TRUE
Trace element deficiency diseases are- microcytic hypochromic anemia - True,TRUE
Trace element deficiency diseases are- scurvy - False,FALSE
Trace element deficiency diseases are- pernicious anemia - False,FALSE
Trace element deficiency diseases are- dental defect due to fluorine deficiency - True,TRUE
Iron absorption occurs from- Duodenum - True,TRUE
Iron absorption occurs from- Stomach - False,FALSE
Iron absorption occurs from- Colon - False,FALSE
Iron absorption occurs from- Ileum - False,FALSE
Iron absorption occurs from- Jejunum - True,TRUE
Process of urine formation are- Glomerular filtration - True,TRUE
Process of urine formation are- Glomerular reabsorption - False,FALSE
Process of urine formation are- Tubular reabsorption - True,TRUE
Process of urine formation are- Glomerular secretion - False,FALSE
Process of urine formation are- Tubular secretion - True,TRUE
Kidney function test includes- Creatinine clearance test - 1,TRUE
Kidney function test includes- Serum creatinine - True,TRUE
Kidney function test includes- Serum lipid profile - False,FALSE
Kidney function test includes- Prothrombin time - False,FALSE
Kidney function test includes- Serum bicarbonate level - False,FALSE
Proteinuria- Is always pathological - False,FALSE
Proteinuria- Has presence of protein 150 mg/day in urine - True,TRUE
Proteinuria- Is caused by malnutrition - False,FALSE
Proteinuria- Is detected by Benedict's test - False,FALSE
Proteinuria- Is detected by heat coagulation test - True,TRUE
Osmotic diuresis occurs in- Diabetes insipidus - False,FALSE
Osmotic diuresis occurs in- Uncontrolled DM - True,TRUE
Osmotic diuresis occurs in- High intake of water - False,FALSE
Osmotic diuresis occurs in- High intake of protein - False,FALSE
Osmotic diuresis occurs in- Excessive intake of alcohol - False,FALSE
Substances that are secreted by renal tubules: Creatinine - True,TRUE
Substances that are secreted by renal tubules: Glucose - False,FALSE
Substances that are secreted by renal tubules: Amino acid - False,FALSE
Substances that are secreted by renal tubules: Potassium - True,TRUE
Substances that are secreted by renal tubules: Hydrogen ion - True,TRUE
Substances completely absorbed from PCT: Glucose - True,TRUE
Substances completely absorbed from PCT: Sodium - False,FALSE
Substances completely absorbed from PCT: Potassium - False,FALSE
Substances completely absorbed from PCT: Amino acids - True,TRUE
Substances completely absorbed from PCT: Bicarbonate - False,FALSE
Following characteristics are studied during chemical examination of urine: Reaction - False,FALSE
Following characteristics are studied during chemical examination of urine: Specific gravity - False,FALSE
Following characteristics are studied during chemical examination of urine: Protein - True,TRUE
Following characteristics are studied during chemical examination of urine: Reducing substance - True,TRUE
Following characteristics are studied during chemical examination of urine: Casts - False,FALSE
Abnormal constituents of urine include- Glucose - True,TRUE
Abnormal constituents of urine include- Creatinine - False,FALSE
Abnormal constituents of urine include- Urea - False,FALSE
Abnormal constituents of urine include- Blood - True,TRUE
Abnormal constituents of urine include- Sodium - False,FALSE
Following parameters are increased in impaired renal function: blood urea - True,TRUE
Following parameters are increased in impaired renal function: serum creatinine - True,TRUE
Following parameters are increased in impaired renal function: serum bilirubin - False,FALSE
Following parameters are increased in impaired renal function: serum potassium - True,TRUE
Following parameters are increased in impaired renal function: serum ALP - False,FALSE
Albumin: globulin ratio may be altered in- Chronic liver disease - True,TRUE
Albumin: globulin ratio may be altered in- Nephritic syndrome - False,FALSE
Albumin: globulin ratio may be altered in- Hyper hemoglobinemia - False,FALSE
Albumin: globulin ratio may be altered in- Protein energy malnutrition - False,FALSE
Albumin: globulin ratio may be altered in- Chronic renal failure - False,FALSE
Measurement of these blood varies are renal function test: Protein - True,TRUE
Measurement of these blood varies are renal function test: Urea - True,TRUE
Measurement of these blood varies are renal function test: AST - False,FALSE
Measurement of these blood varies are renal function test: Creatinine - True,TRUE
Measurement of these blood varies are renal function test: ALT - False,FALSE
Proteinuria is- always pathological - False,FALSE
Proteinuria is- due to liver dysfunction - False,FALSE
Proteinuria is- detected in bedside - True,TRUE
Proteinuria is- detected by Rothams test - False,FALSE
Proteinuria is- related with glomerular permeability - True,TRUE
The following characteristics are studied during chemical examination of urine: reaction - True,TRUE
The following characteristics are studied during chemical examination of urine: specific gravity - False,FALSE
The following characteristics are studied during chemical examination of urine: protein - True,TRUE
The following characteristics are studied during chemical examination of urine: reducing substances - True,TRUE
The following characteristics are studied during chemical examination of urine: colour - False,FALSE
Normal constituents of urine include- glucose - False,FALSE
Normal constituents of urine include- urea - True,TRUE
Normal constituents of urine include- creatinine - True,TRUE
Normal constituents of urine include- galactose - False,FALSE
Normal constituents of urine include- sodium - True,TRUE
Following substances give positive Benedict's test in urine- Glucose - True,TRUE
Following substances give positive Benedict's test in urine- Bilirubin - False,FALSE
Following substances give positive Benedict's test in urine- Ascorbic acid - False,FALSE
Following substances give positive Benedict's test in urine- Ketone bodies - False,FALSE
Following substances give positive Benedict's test in urine- Protein - False,FALSE
The following parameters include chemical examination of urine- Specific gravity of urine - False,FALSE
The following parameters include chemical examination of urine- pH of urine - True,TRUE
The following parameters include chemical examination of urine- sugar in urine - True,TRUE
The following parameters include chemical examination of urine- osmolarity of urine - False,FALSE
The following parameters include chemical examination of urine- protein in urine - True,TRUE
Impaired renal function causes- uremia - True,TRUE
Impaired renal function causes- acidaemia - True,TRUE
Impaired renal function causes- alkalemia - True,TRUE
Impaired renal function causes- hyperbilirubinemia - False,FALSE
Impaired renal function causes- ketonemia - False,FALSE
Substances secreted by the renal tubules are- Creatinine - True,TRUE
Substances secreted by the renal tubules are- Glucose - False,FALSE
Substances secreted by the renal tubules are- Amino acids - False,FALSE
Substances secreted by the renal tubules are- Potassium - True,TRUE
Substances secreted by the renal tubules are- Bile salt - True,TRUE
Renin secretion is stimulated by- Hypotension - True,TRUE
Renin secretion is stimulated by- Hyponatraemia - True,TRUE
Renin secretion is stimulated by- Diuretics - False,FALSE
Renin secretion is stimulated by- Vasopressin - True,TRUE
Renin secretion is stimulated by- Angiotensin-II - False,FALSE
Glomerular filtrate- Is alkaline in nature - False,FALSE
Glomerular filtrate- Is devoid of glucose - False,FALSE
Glomerular filtrate- Contain 40 mmol/L of Na+ - True,TRUE
Glomerular filtrate- Contain high amount of protein - False,FALSE
Glomerular filtrate- Contain no ionized calcium - False,FALSE
Proteinuria- is always pathological - False,FALSE
Proteinuria- indicates hyperproteinemia - False,FALSE
Proteinuria- is detected by heat coagulation test - True,TRUE
Proteinuria- is present in chronic renal failure - True,TRUE
Proteinuria- is related with obesity - False,FALSE
Abnormal constituents of urine are- Protein - False,FALSE
Abnormal constituents of urine are- Urea - False,FALSE
Abnormal constituents of urine are- bile salt - True,TRUE
Abnormal constituents of urine are- uric acid - False,FALSE
Abnormal constituents of urine are- ketone body - False,FALSE
Waste products eliminated by kidney are- CO₂ - False,FALSE
Waste products eliminated by kidney are- Bilirubin - False,FALSE
Waste products eliminated by kidney are- Uric acid - True,TRUE
Waste products eliminated by kidney are- Acetone - True,TRUE
Waste products eliminated by kidney are- Urea - True,TRUE
Osmotic diuresis occurs in- Diabetic insipidus - False,FALSE
Osmotic diuresis occurs in- Uncontrolled DM - True,TRUE
Osmotic diuresis occurs in- High intake of water - False,FALSE
Osmotic diuresis occurs in- High intake of protein - False,FALSE
Osmotic diuresis occurs in- Excessive alcohol intake - True,TRUE
Hormones acting on the kidneys are- Aldosterone - True,TRUE
Hormones acting on the kidneys are- Parathormone - True,TRUE
Hormones acting on the kidneys are- ADH - True,TRUE
Hormones acting on the kidneys are- Growth hormone - False,FALSE
Hormones acting on the kidneys are- Thyroxine - False,FALSE
Kidney produces- Epinephrine - False,FALSE
Kidney produces- Calcitriol - True,TRUE
Kidney produces- Angiotensin-II - False,FALSE
Kidney produces- Calcitonin - False,FALSE
Kidney produces- Calmodulin - False,FALSE
Normal constituents of urine are- Bile salt - False,FALSE
Normal constituents of urine are- Sodium - True,TRUE
Normal constituents of urine are- Creatinine - True,TRUE
Normal constituents of urine are- Protein - True,TRUE
Normal constituents of urine are- Glucose - False,FALSE
Impaired renal function causes- Increased bleeding time - False,FALSE
Impaired renal function causes- Increased BUN - True,TRUE
Impaired renal function causes- Increased serum creatinine - False,FALSE
Impaired renal function causes- Proteinuria - True,TRUE
Impaired renal function causes- Glycosuria - True,TRUE
Causes of respiratory acidosis include - bronchial asthma,TRUE
Causes of respiratory acidosis include - renal failure,FALSE
Causes of respiratory acidosis include - hepatic failure,FALSE
Causes of respiratory acidosis include- pneumonia,TRUE
Causes of respiratory acidosis include - uncontrolled diabetes mellitus,FALSE
Metabolic acidosis is associated with - A decrease in serum HCO,TRUE
Metabolic acidosis is associated with - A decrease in serum K,FALSE
Metabolic acidosis is associated with - Breath holding during compensation,FALSE
Metabolic acidosis is associated with - Paradoxical aciduria,TRUE
Metabolic acidosis is associated with - Renal failure,TRUE
Anion gap increased in - Lactic acidosis,TRUE
Anion gap increased in - Ketoacidosis,TRUE
Anion gap increased in - Hyperventilation,FALSE
Anion gap increased in - Renal tubular acidosis,FALSE
Anion gap increased in - Persistent vomiting,FALSE
Respiratory alkalosis - Occurs in bronchial asthma,TRUE
Respiratory alkalosis - Is compensated by kidney,TRUE
"Respiratory alkalosis - Leads to higher PCO, than normal",FALSE
Respiratory alkalosis - Causes HCO during compensation,FALSE
Respiratory alkalosis - Occurs in hyperventilation,TRUE
Anion gap - A gap between unmeasured anion & cation ,TRUE
Anion gap - About 20 nmol/L ,TRUE
Anion gap - Increased in lactic acidosis ,TRUE
Anion gap - Always high in metabolic acidosis ,FALSE
Anion gap - Decreased in renal failure ,FALSE
Causes of intracellular K' influx - Insulin ,TRUE
Causes of intracellular K' influx - Acidosis ,FALSE
Causes of intracellular K' influx - Aldosterone ,FALSE
Causes of intracellular K' influx - CRF ,FALSE
Causes of intracellular K' influx - Alkalosis ,TRUE
Metabolic acidosis - Occurs in chronic renal failure ,TRUE
Metabolic acidosis - Is characterized by increased serum HCO ,FALSE
Metabolic acidosis - Is a consequence of anaerobic glycolysis ,TRUE
Metabolic acidosis - Is related with loss of gastric content ,FALSE
"Metabolic acidosis - Leads to decreased PCO, in compensation ",TRUE
The kidney contributes acid base balance by - Secretion of ammonia ,TRUE
The kidney contributes acid base balance by - Reabsorption of bicarbonate ,TRUE
The kidney contributes acid base balance by - Excretion of urea ,FALSE
The kidney contributes acid base balance by - ADH mechanism ,FALSE
The kidney contributes acid base balance by - Secretion of hydrogen ion ,TRUE
Metabolic acidosis is associated with - A decrease in serum [HCO] ,TRUE
Metabolic acidosis is associated with - A decrease in serum [K] ,FALSE
Metabolic acidosis is associated with - Hyperventilation for compensation ,TRUE
Metabolic acidosis is associated with - High anion gap always ,FALSE
Metabolic acidosis is associated with - Diarrhea ,TRUE
Causes of respiratory acidosis - Asthma ,TRUE
Causes of respiratory acidosis - Hysteria ,FALSE
Causes of respiratory acidosis - Vomiting ,FALSE
Causes of respiratory acidosis - Respiratory center depression ,TRUE
Causes of respiratory acidosis - Diarrhea ,FALSE
Serum HCO increased in - Metabolic acidosis ,FALSE
Serum HCO increased in - Metabolic alkalosis ,TRUE
Serum HCO increased in - Respiratory alkalosis ,FALSE
Serum HCO increased in - Respiratory acidosis ,TRUE
Serum HCO increased in - Hypoaldosteronism ,FALSE
Following are acid of urine - NH4Cl ,FALSE
Following are acid of urine - NaH2PO4 ,FALSE
Following are acid of urine - Na2HPO4 ,FALSE
Following are acid of urine - Lactic acid ,TRUE
Following are acid of urine - HCl ,TRUE
Kwashiorkor is - a condition of energy deficiency ,FALSE
Kwashiorkor is - presented with severe muscle wasting ,FALSE
Kwashiorkor is - commonly associated with diarrhea ,TRUE
Kwashiorkor is - found in older children ,TRUE
Kwashiorkor is - characterized by change of skin and hair ,TRUE
Anion gap is increased in - ketoacidosis ,TRUE
Anion gap is increased in - lactic acidosis ,TRUE
Anion gap is increased in - hyperchloremia,FALSE
Anion gap is increased in - severe asthma ,FALSE
Anion gap is increased in - metabolic alkalosis ,FALSE
Definite evidence of acid base disorder are alteration of serum - bicarbonate concentration ,TRUE
Definite evidence of acid base disorder are alteration of serum - hydrogen concentration ,TRUE
Definite evidence of acid base disorder are alteration of serum - partial pressure of carbon dioxide ,TRUE
Definite evidence of acid base disorder are alteration of serum - anion gap ,TRUE
Definite evidence of acid base disorder are alteration of serum - sodium concentration ,FALSE
Definite evidence of simple acid-base disorder are - Abnormal serum [HC*O_{3}] ,TRUE
Definite evidence of simple acid-base disorder are - Abnormal plasma gap ,TRUE
Definite evidence of simple acid-base disorder are - Abnormal pH ,TRUE
Definite evidence of simple acid-base disorder are - Abnormal PCO₂ ,TRUE
Definite evidence of simple acid-base disorder are - Abnormal serum [K'] ,TRUE
Metabolic acidosis - Is a consequence of uncontrolled DM ,TRUE
Metabolic acidosis - Always related with decreased [HC*O_{3}] ,TRUE
Metabolic acidosis - Is more common in vomiting of content ,FALSE
Metabolic acidosis - Usually associated with hypokalemia ,FALSE
Metabolic acidosis - Is compensated by hypoventilation ,TRUE
Metabolic alkalosis is associated with - Uncontrolled diabetes mellitus ,FALSE
Metabolic alkalosis is associated with - Vomiting ,TRUE
Metabolic alkalosis is associated with - Severe diarrhea ,FALSE
Metabolic alkalosis is associated with - Hysteria ,FALSE
Metabolic alkalosis is associated with - Use of diuretics ,TRUE
Serum [HCO_{3}] increased in - Metabolic acidosis ,FALSE
Serum [HCO_{3}] increased in - Metabolic alkalosis ,TRUE
Serum [HCO_{3}] increased in - Respiratory acidosis ,TRUE
Serum [HCO_{3}] increased in - Respiratory alkalosis ,FALSE
Serum [HC*O_{3}] increased in - Hypoaldosteronism ,FALSE
Parameters for acid-base evaluation include - P*O_{2} ,FALSE
Parameters for acid-base evaluation include - serum HCO₃ concentration ,TRUE
Parameters for acid-base evaluation include - urinary PH ,FALSE
Parameters for acid-base evaluation include - PCO₂ ,TRUE
Parameters for acid-base evaluation include - base excess ,FALSE
Unmeasured anions in plasma include - phosphate ,TRUE
Unmeasured anions in plasma include - bicarbonate ,FALSE
Unmeasured anions in plasma include - protein ,TRUE
Unmeasured anions in plasma include - chloride ,FALSE
Unmeasured anions in plasma include - magnesium ,FALSE
Definite evidence of acid-base disorder are - Abnormal serum [HCO_{3}] ,TRUE
Definite evidence of acid-base disorder are - Abnormal blood pH ,TRUE
Definite evidence of acid-base disorder are - Abnormal pCO₂ ,TRUE
Definite evidence of acid-base disorder are - Abnormal serum K ,TRUE
Definite evidence of acid-base disorder are - Abnormal anion gap ,TRUE
Metabolic acidosis - Occurs in chronic renal failure ,TRUE
Metabolic acidosis - Is characterized by decreased serum HCO₃ ,TRUE
Metabolic acidosis - Is compensated by hypoventilation ,FALSE
Metabolic acidosis - Is characterized by increased PCO₂ after compensation ,FALSE
Metabolic acidosis - Is related with anion gap ,TRUE
Serum HCO₃ is increased in - Metabolic acidosis ,FALSE
Serum HCO₃ is increased in - Metabolic alkalosis ,TRUE
Serum HCO₃ is increased in - Respiratory alkalosis ,FALSE
Serum HCO₃ is increased in - Compensated respiratory acidosis ,TRUE
Serum HCO₃ is increased in - Ketoacidosis ,FALSE
The following changes take place - Led H+ secretion by renal tubules ,FALSE
The following changes take place - Fed excretion of N x^ + in urine ,FALSE
The following changes take place - Is characterized by decreased serum [HC*O₃] ,TRUE
The following changes take place - Is a consequence of prolonged starvation ,TRUE
The following changes take place - Is not related with anion gap ,FALSE
The following changes take place - Leads to increased pH ,FALSE
Followings are the unmeasured anions - HCO₃ ,FALSE
Followings are the unmeasured anions - P*O₄ ,TRUE
Followings are the unmeasured anions - CI ,FALSE
Followings are the unmeasured anions - SO₄ ,TRUE
Followings are the unmeasured anions - Protein ,TRUE
Metabolic acidosis causes raise of - [H'] ,TRUE
Metabolic acidosis causes raise of - arterial blood pH ,FALSE
Metabolic acidosis causes raise of - [HC*O₃] in the plasma ,FALSE
Metabolic acidosis causes raise of - base excess ,FALSE
Metabolic acidosis causes raise of - anion gap ,TRUE
Changes during compensated respiratory acidosis - PCO₂ ,FALSE
Changes during compensated respiratory acidosis - HCO₃ ,TRUE
Changes during compensated respiratory acidosis - C*Gamma ,FALSE
Changes during compensated respiratory acidosis - anion gap ,FALSE
Changes during compensated respiratory acidosis - base excess ,FALSE
Anion gap increases in - Lactic acidosis ,TRUE
Anion gap increases in - Renal tubular acidosis ,FALSE
Anion gap increases in - Diarrhea ,FALSE
Anion gap increases in - Persistent vomiting ,FALSE
Anion gap increases in - Ketoacidosis ,TRUE
Causes of respiratory acidosis include - Poliomyelitis ,TRUE
Causes of respiratory acidosis include - Uses of diuretics ,FALSE
Causes of respiratory acidosis include - Morphine poisoning ,TRUE
Causes of respiratory acidosis include - Intake of salicylic acid ,FALSE
Causes of respiratory acidosis include - Pneumonia ,TRUE
Anion gap is normal in - Poliomyelitis ,TRUE
Anion gap is normal in - Uses of diuretics ,FALSE
Anion gap is normal in - Morphine poisoning ,TRUE
Anion gap is normal in - Intake of salicylic acid ,FALSE
Anion gap is normal in - Pneumonia ,TRUE
Following changes occur in compensated respiratory acidosis - Increased PCO₂ ,TRUE
Following changes occur in compensated respiratory acidosis - Increased anion gap ,FALSE
Following changes occur in compensated respiratory acidosis - Increased HCO₃ ,TRUE
Following changes occur in compensated respiratory acidosis - Increased pH ,TRUE
Following changes occur in compensated respiratory acidosis - Decreased chloride ,FALSE
The major unmeasured anions are - HCO₃ ,FALSE
The major unmeasured anions are - CGamma ,FALSE
The major unmeasured anions are - SO₄²⁻ ,TRUE
The major unmeasured anions are - PO₄³⁻ ,FALSE
The major unmeasured anions are - Globulin ,TRUE
Respiratory alkalosis - Occurs in bronchial asthma ,TRUE
Respiratory alkalosis - Is compensated by kidney ,TRUE
Respiratory alkalosis - Leads to higher PCO₂ than normal ,FALSE
Respiratory alkalosis - Causes increased HCO₃ during compensation ,FALSE
Respiratory alkalosis - Occurs in hyperventilation ,TRUE
Respiratory acidosis - Primarily results in elevation of plasma HCO₃ ,FALSE
Respiratory acidosis - May occur due to bronchial asthma ,TRUE
Respiratory acidosis - Occurs due to less elimination of CO₂ through lungs ,TRUE
Respiratory acidosis - Is compensated by renal system ,TRUE
Respiratory acidosis - Compensation by increased HCO₃ reabsorption ,TRUE
Increased anion gap is found in - Diarrhea ,FALSE
Increased anion gap is found in - Lactic acidosis ,TRUE
Increased anion gap is found in - Ketoacidosis ,TRUE
Increased anion gap is found in - Renal tubular acidosis ,FALSE
Increased anion gap is found in - Respiratory acidosis ,FALSE
Blood pH is maintained by - Neurotransmitters ,FALSE
Blood pH is maintained by - Pulmonary ventilation ,TRUE
Blood pH is maintained by - ANP ,FALSE
Blood pH is maintained by - Plasma protein ,TRUE
Blood pH is maintained by - Angiotensin ,FALSE
Metabolic acidosis is characterized by - Decreased serum [HC*O₃] ,TRUE
Metabolic acidosis is characterized by - Compensatory decreased PCO₂ ,TRUE
Metabolic acidosis is characterized by - Hypokalemia ,FALSE
Metabolic acidosis is characterized by - Hypernatremia ,FALSE
Metabolic acidosis is characterized by - Increased anion gap ,TRUE
Kidneys regulate acid-base balance by - Secretion of H⁺ ion ,TRUE
Kidneys regulate acid-base balance by - Reabsorption of bicarbonate ,TRUE
Kidneys regulate acid-base balance by - Generation of bicarbonate ,FALSE
Kidneys regulate acid-base balance by - Secretion of K⁺ ,FALSE
Kidneys regulate acid-base balance by - Ketogenesis ,TRUE
"In relation to anion gap, unmeasured anions are - Phosphate ",FALSE
"In relation to anion gap, unmeasured anions are - Sulphate ",TRUE
"In relation to anion gap, unmeasured anions are - Bicarbonate ",FALSE
"In relation to anion gap, unmeasured anions are - Chloride ",FALSE
"In relation to anion gap, unmeasured anions are - Protein ",TRUE
Respiratory alkalosis is associated with - Hyperventilation ,TRUE
Respiratory alkalosis is associated with - Increased PCO₂ ,FALSE
Respiratory alkalosis is associated with - Decreased compensatory serum [HC*O₃] ,TRUE
Respiratory alkalosis is associated with - Increased serum [K⁺] ,FALSE
Respiratory alkalosis is associated with - Tetany ,TRUE
Metabolic acidosis is associated with - Decreased serum [HC*O₃] ,TRUE
Metabolic acidosis is associated with - Increased serum [H⁺] ,TRUE
Metabolic acidosis is associated with - Hyperkalemia ,TRUE
Metabolic acidosis is associated with - Compensatory hypoventilation ,FALSE
Metabolic acidosis is associated with - Hypervolemia ,FALSE
Causes of respiratory alkalosis include - Obstructive airway disease ,FALSE
Causes of respiratory alkalosis include - Hysteric overbreathing ,TRUE
Causes of respiratory alkalosis include - Bronchial asthma ,FALSE
Causes of respiratory alkalosis include - Pneumonia ,FALSE
Causes of respiratory alkalosis include - Hyperventilation ,TRUE
Acid base balance is maintained by - Blood buffers,FALSE
Acid base balance is maintained by - kidney,FALSE
Acid base balance is maintained by - local hormones,FALSE
Acid base balance is maintained by - hypothalamus,FALSE
Acid base balance is maintained by - Posterior pituitary,FALSE
Central dogma of genetic information - Was originally described by Mendel ,FALSE
Central dogma of genetic information - Does not include DNA replication ,FALSE
Central dogma of genetic information - May include synthesis of DNA from RNA ,FALSE
Central dogma of genetic information - Includes translation ,TRUE
Central dogma of genetic information - Includes transfer of information from DNA to RNA to protein ,TRUE
Down's syndrome is - A chromosomal disorder ,TRUE
Down's syndrome is - A disorder of trisomy 21 chromosome ,TRUE
Down's syndrome is - An X-linked recessive disorder ,FALSE
Down's syndrome is - An autosomal disorder ,FALSE
Down's syndrome is - A cause of single palmer crease ,TRUE
A gene determined characteristic is known as - Trait ,TRUE
A gene determined characteristic is known as - Allele ,TRUE
A gene determined characteristic is known as - Mutant ,FALSE
A gene determined characteristic is known as - Chromosome ,FALSE
A gene determined characteristic is known as - Zygote ,FALSE
Synthesis of DNA - Is a conservative process ,FALSE
Synthesis of DNA - Does not require a gene ,FALSE
Synthesis of DNA - Is the first step of gene expression ,TRUE
Synthesis of DNA - Occurs in cytoplasm of eukaryotic cells ,FALSE
Synthesis of DNA - Is a process of high fidelity ,TRUE
Gene - Can not be copied ,FALSE
Gene - Is not a part of mRNA ,TRUE
Gene - Can be lethal for organism ,TRUE
Gene - Can not be modified by environment ,FALSE
Gene - Has role in cellular activity ,TRUE
Purine synthesis requires - Aspartate ,TRUE
Purine synthesis requires - Citrate ,FALSE
Purine synthesis requires - Glucose ,FALSE
Purine synthesis requires - Glutamate ,TRUE
Purine synthesis requires - Tetrahydrofolate ,TRUE
Biological cloning - Is a method of DNA amplification ,TRUE
Biological cloning - Is a cell free method ,FALSE
Biological cloning - Needs restriction endonuclease ,TRUE
Biological cloning - Needs primer ,FALSE
Biological cloning - Does not require a vector ,FALSE
Mutagens are - Benzene ,TRUE
Mutagens are - Dietary lipid ,FALSE
Mutagens are - Ultrasound ,FALSE
Mutagens are - Ultraviolet ray ,TRUE
Mutagens are - X-ray ,TRUE
Restriction endonuclease - Cleaves DNA at its end ,TRUE
Restriction endonuclease - Cleaves RNA at its middle ,FALSE
Restriction endonuclease - Is an EcoRI from E. Coli ,TRUE
Restriction endonuclease - Cleaves DNA at a specific nucleotide sequence ,TRUE
Restriction endonuclease - Cleaves DNA at a palindrome sequence ,TRUE
The process translation - Occurs within nucleus ,FALSE
The process translation - Helps in protein synthesis ,TRUE
The process translation - Requires aminoacyl t-RNA synthetase enzyme ,TRUE
The process translation - Needs no post-translational modification ,FALSE
The process translation - Needs ribosome for protein synthesis ,TRUE
Purine synthesis requires - Adenine ,FALSE
Nitrogenous bases present in DNA - Aspartate ,TRUE
Nitrogenous bases present in DNA - Citrate ,FALSE
Nitrogenous bases present in DNA - Arginine ,FALSE
Nitrogenous bases present in DNA - Glutamate ,TRUE
Nitrogenous bases present in DNA - Tetrahydrofolate ,TRUE
Translation requires - mRNA ,TRUE
Translation requires - Ribosome ,TRUE
Translation requires - Topoisomerase ,FALSE
Translation requires - Aminoacyl-tRNA synthetase ,TRUE
Translation requires - DNA polymerase ,FALSE
DNA is present in - Endoplasmic reticulum ,FALSE
DNA is present in - Guanine ,TRUE
DNA is present in - Thymine ,TRUE
DNA is present in - Uracil ,FALSE
DNA is present in - Cytidine ,FALSE
Major enzymes involved in replication of DNA - DNA directed DNA polymerase ,FALSE
Major enzymes involved in replication of DNA - Taq DNA polymerase ,FALSE
Major enzymes involved in replication of DNA - RNA polymerase ,FALSE
Major enzymes involved in replication of DNA - Topoisomerase ,TRUE
Major enzymes involved in replication of DNA - DNA ligase ,TRUE
Mutagens can be - Free radicals ,FALSE
Mutagens can be - Gamma-ray ,TRUE
Mutagens can be - Alkylating agents ,TRUE
Mutagens can be - Bacteria ,TRUE
Mutagens can be - UV ray ,TRUE
Recombinant DNA technology - Restriction of enzymes ,TRUE
Recombinant DNA technology - Electrophoresis ,FALSE
Recombinant DNA technology - Chromatography ,FALSE
Recombinant DNA technology - Cloning vector ,TRUE
Recombinant DNA technology - Nucleic acid probe ,TRUE
Followings are nucleoside - Adenosine ,TRUE
Followings are nucleoside - Thymine ,TRUE
Followings are nucleoside - Uridine ,TRUE
Followings are nucleoside - Guanosine ,FALSE
Followings are nucleoside - Adenine monophosphate ,FALSE
Gene - Cannot be copied ,FALSE
Gene - Is a part of DNA ,TRUE
Gene - Transfer hereditary characteristics ,TRUE
Gene - Is a linear sequence of nucleotide ,TRUE
Gene - Has no role for protein synthesis ,FALSE
Transcription - Is a process of gene expression ,FALSE
Transcription - Is DNA directed RNA synthesis ,TRUE
Transcription - Forms two strands of DNA ,FALSE
Transcription - Needs modification after formation of primary transcript ,TRUE
Transcription - Occurs within the nucleus ,FALSE
Nucleotides act as - electron transporter ,TRUE
Post translational modification include - trimming ,TRUE
Post translational modification include - 5'-capping ,FALSE
Post translational modification include - glycosylation ,TRUE
Post translational modification include - splicing ,FALSE
Post translational modification include - hydroxylation ,TRUE
DNA - Carries genetic information ,TRUE
DNA - Helps in protein synthesis ,FALSE
DNA - Contain nitrogenous base uracil ,FALSE
DNA - Is present in mitochondria ,TRUE
DNA - Synthesis is a low fidelity process ,FALSE
"Ribonucleic acid - Has A, G, C & U bases ",TRUE
Ribonucleic acid - Is synthesized from DNA in cytoplasm ,TRUE
Ribonucleic acid - Can act as a template for protein synthesis ,TRUE
Ribonucleic acid - Carries genetic information to daughter cell ,FALSE
Ribonucleic acid - Needs modification after primary synthesis ,TRUE
The genetic diseases are - Down's syndrome ,TRUE
The genetic diseases are - Nephrotic syndrome ,FALSE
The genetic diseases are - Turner's syndrome ,TRUE
The genetic diseases are - Wernick's encephalopathy ,FALSE
The genetic diseases are - Kernicterus ,FALSE
Biological cloning - Requires vector DNA and bacteria ,TRUE
Biological cloning - Requires restriction enzyme ,TRUE
Biological cloning - Is an in vitro process of DNA proliferation ,FALSE
Biological cloning - Is a very quick process for DNA amplification ,FALSE
Biological cloning - Needs thermo stable DNA polymerase ,FALSE
Vitamins needed for post translational modifications are - Vitamin-C ,TRUE
Vitamins needed for post translational modifications are - Vitamin-A ,FALSE
Vitamins needed for post translational modifications are - Vitamin-K ,TRUE
Vitamins needed for post translational modifications are - Vitamin-B ,FALSE
DNA replication - Process of high fidelity ,TRUE
DNA replication - Cleaves RNA at its middle ,FALSE
DNA replication - Uses both the strand as template ,TRUE
DNA replication - Cleaves a DNA at a specific nucleotide sequence ,TRUE
DNA replication - Does not involve intron ,TRUE
DNA replication - Conservative process ,FALSE
DNA replication - Cleaves a DNA at a specific nucleotide sequence which is palindromic ,TRUE
DNA replication - Occurs unidirectionally ,FALSE
DNA replication - Vitamin-E ,FALSE
Polymerase chain reaction - Needs vector ,FALSE
Polymerase chain reaction - Is a diagnostic procedure ,TRUE
Polymerase chain reaction - Requires a DNA primer ,TRUE
Polymerase chain reaction - Is slower than cloning ,FALSE
Polymerase chain reaction - Can produce hormone ,TRUE
Characteristic features of mRNA include - Carries message from DNA ,TRUE
Characteristic features of mRNA include - Contain anti codon ,TRUE
Characteristic features of mRNA include - Requires modification after synthesis ,TRUE
Characteristic features of mRNA include - Acts as adapter molecule ,FALSE
Characteristic features of mRNA include - Is a part of gene ,TRUE
Biologically important nucleotides are - ATP ,TRUE
Biologically important nucleotides are - ADP ,TRUE
Biologically important nucleotides are - FAD ,FALSE
Biologically important nucleotides are - Cyclic AMP ,FALSE
Biologically important nucleotides are - Cyclic GMP ,FALSE
Genetic code - Is presented in the mRNA ,TRUE
"Genetic code - Consist of A, T, C & U ",FALSE
Genetic code - Represents only amino acid ,FALSE
Genetic code - Varies species to species ,TRUE
Genetic code - Is degenerative ,TRUE
PCR is used to diagnose - Genetic disease ,TRUE
PCR is used to diagnose - MI ,FALSE
PCR is used to diagnose - AIDs ,TRUE
PCR is used to diagnose - Tuberculosis ,TRUE
PCR is used to diagnose - Renal failure ,FALSE
Steps of transcription is - Denaturation ,FALSE
Steps of transcription is - Elongation ,TRUE
Steps of transcription is - Annealing ,FALSE
Steps of transcription is - Termination ,TRUE
Steps of transcription is - Post-transcriptional modification ,TRUE
Following may act as start codon - AUC ,FALSE
Following may act as start codon - AUG ,TRUE
Following may act as start codon - UGG ,FALSE
Following may act as start codon - UAC ,FALSE
Following may act as start codon - AAG ,FALSE
tRNA is - Produced by transcription ,TRUE
tRNA is - The largest RNA ,FALSE
tRNA is - Carrier of amino acid ,TRUE
tRNA is - Template for translation ,TRUE
tRNA is - Provided anticodon ,FALSE
Nucleotide acts as - Monomer of nucleic acid ,TRUE
Nucleotide acts as - Co-enzyme ,TRUE
Nucleotide acts as - Energy currency of cell ,TRUE
Nucleotide acts as - Hormone ,FALSE
Nucleotide acts as - Cytokine ,FALSE
DNA replication is a process which - Is semi conservative ,TRUE
DNA replication is a process which - Is non selective ,TRUE
DNA replication is a process which - Is asymmetric ,FALSE
DNA replication is a process which - Has less fidelity ,FALSE
DNA replication is a process which - Transfers genetic information ,TRUE
Nucleotides - Composed of base and pentose sugar ,FALSE
Nucleotides - Are monomer unit of nucleic acid ,TRUE
Nucleotides - Can act as energy currency of cell ,TRUE
Nucleotides - Remain in nucleus and cytoplasm ,TRUE
Nucleotides - Contain positive charge ,FALSE
Nitrogenous bases present in RNA are - Adenine ,TRUE
Nitrogenous bases present in RNA are - Guanine ,TRUE
Nitrogenous bases present in RNA are - Glutamine ,FALSE
Nitrogenous bases present in RNA are - Thymine ,FALSE
Nitrogenous bases present in RNA are - Uracil ,TRUE
Genetic codes - Are not universal in all form of life ,FALSE
Genetic codes - Maintain the integrity of species ,TRUE
Genetic codes - Are not responsible for protein synthesis ,FALSE
Genetic codes - Has ability to degenerate ,TRUE
Genetic codes - May be change in adverse condition ,FALSE
Replication of DNA - Uses only one strand as template ,FALSE
Replication of DNA - Preserves the characteristics of species ,TRUE
Replication of DNA - Occurs in the S phase of cell cycle ,TRUE
Replication of DNA - Requires post replication modification ,FALSE
Replication of DNA - Occurs in the cell cytoplasm ,FALSE
RNA - Is synthesized by translation ,FALSE
RNA - Can transfer amino acid to ribosome ,TRUE
RNA - Contain deoxy ribose sugar ,FALSE
RNA - Carries genetic information ,FALSE
RNA - Contain nitrogenous base uracil ,TRUE
Karyotype of - Normal male- 46 xy ,TRUE
Karyotype of - Turner syndrome - 45xxx ,FALSE
Karyotype of - Down syndrome - trisomy 21 ,TRUE
Karyotype of - Klinefelter's syndrome - 45 xy ,FALSE
Karyotype of - Edward syndrome - trisomy 18 ,TRUE
Following are required for DNA replication - DNA helicase ,TRUE
Following are required for DNA replication - ATP ,FALSE
Following are required for DNA replication - DNA polymerase ,TRUE
Following are required for DNA replication - Topoisomerase ,TRUE
Following are required for DNA replication - RNA primase ,TRUE
DNA - Composed of ribose sugar ,FALSE
DNA - Has double stranded helical structure ,TRUE
DNA - Contain thymine & uracil ,FALSE
DNA - Contain phosphate in 5' position ,TRUE
DNA - Is held together by base pairing ,TRUE
By RFLP we can - Identify a criminal ,TRUE
By RFLP we can - Identify parents ,TRUE
By RFLP we can - Produce insulin ,FALSE
By RFLP we can - Produce ADH ,FALSE
By RFLP we can - Produce growth hormone ,FALSE
Polymerase chain reaction - Is a cell based DNA amplification process ,FALSE
Polymerase chain reaction - Needs vector ,FALSE
Polymerase chain reaction - Requires a DNA primer ,TRUE
Polymerase chain reaction - Requires a heat stable DNA polymerase enzyme ,TRUE
Polymerase chain reaction - Gives eight DNA after four cycles ,FALSE
Ribonucleic acid - Is synthesized from DNA in cytoplasm ,TRUE
"Ribonucleic acid - Have A, G, C & U bases ",TRUE
Ribonucleic acid - Can act as a template for protein synthesis ,FALSE
Ribonucleic acid - Carries genetic information to daughter cell ,FALSE
Ribonucleic acid - Needs modification after primary synthesis ,TRUE
Genetic code - Are not universal in all form of life ,FALSE
Genetic code - Maintain integrity of species ,TRUE
Genetic code - Differ species to species ,TRUE
Genetic code - Made up of four base codon ,FALSE
Genetic code - Gives information regarding amino acid ,TRUE
DNA - Carries genetic information ,TRUE
DNA - Helps in protein synthesis ,FALSE
DNA - Contain nitrogenous base uracil ,FALSE
DNA - Is present in mitochondria ,TRUE
DNA - Synthesis is low fidelity process ,FALSE
Post translational modification includes - Trimming ,TRUE
Post translational modification includes - Methyl guanosine capping ,FALSE
Post translational modification includes - Carboxylation ,TRUE
Post translational modification includes - Splicing ,FALSE
Post translational modification includes - Hydroxylation ,TRUE
Regarding mutation - It is a reversible change of base sequence ,FALSE
Regarding mutation - Frame shift mutation is disruption of reading frame ,TRUE
Regarding mutation - It have an impact on the genotype of an organism ,FALSE
Regarding mutation - It have an impact on the phenotype of an organism ,TRUE
Regarding mutation - Missense mutation is an example of point mutation ,TRUE
Following are nucleosides - Adenosine ,TRUE
Following are nucleosides - Thymine ,FALSE
Following are nucleosides - Uridine ,TRUE
Following are nucleosides - Guanosine ,TRUE
Following are nucleosides - Adenine monophosphate ,FALSE
End products of pyrimidine catabolism include - B-alanine ,TRUE
End products of pyrimidine catabolism include - Carbon monoxide ,FALSE
End products of pyrimidine catabolism include - Uric acid ,FALSE
End products of pyrimidine catabolism include - Ammonia ,TRUE
End products of pyrimidine catabolism include - ẞ-aminoisbutyrate ,TRUE
Polymerase chain reaction - Is a method of DNA amplification ,TRUE
Polymerase chain reaction - Needs no primer ,FALSE
Polymerase chain reaction - Is a cell free in vitro method ,TRUE
Polymerase chain reaction - Is used to produce protein ,TRUE
Polymerase chain reaction - Is useful in disputed paternity ,FALSE
Transcription - Occurs in cytoplasm ,FALSE
Transcription - Both strands of DNA acts as template ,FALSE
Transcription - Is followed by modification ,TRUE
Transcription - Is a fully conserved process ,TRUE
Recombinant DNA technology requires - Restriction enzyme ,TRUE
Recombinant DNA technology requires - Electrophoresis ,FALSE
Recombinant DNA technology requires - Chromatography ,FALSE
Recombinant DNA technology requires - Cloning vector ,TRUE
Recombinant DNA technology requires - Nucleic acid probe ,FALSE
The followings are triphosphate nucleotide - ADP ,FALSE
The followings are triphosphate nucleotide - GTP ,TRUE
The followings are triphosphate nucleotide - FMN ,FALSE
The followings are triphosphate nucleotide - AMP ,FALSE
The followings are triphosphate nucleotide - ATP ,TRUE
Following nitrogen bases are present in RNA - Adenine ,TRUE
Following nitrogen bases are present in RNA - Epinephrine ,FALSE
Following nitrogen bases are present in RNA - Guanine ,TRUE
Following nitrogen bases are present in RNA - Thymine ,FALSE
Following nitrogen bases are present in RNA - Uracil ,TRUE
Genetic codes - Are not universal in all form of life ,FALSE
Genetic codes - Maintain the integrity of species ,TRUE
Genetic codes - Differ from species to species ,FALSE
Genetic codes - Have no punctuation ,TRUE
Genetic codes - Are three base triplet ,TRUE
RNA - Is formed by replication ,FALSE
RNA - Is synthesized in cytoplasm ,TRUE
RNA - Is absent in the mitochondria ,TRUE
RNA - Contains deoxyribose sugar ,FALSE
RNA - Acts as a template for translation ,TRUE
Atoms of purine ring are contributed by - Folic acid ,TRUE
Atoms of purine ring are contributed by - Glutamine ,TRUE
Atoms of purine ring are contributed by - Alanine ,FALSE
Atoms of purine ring are contributed by - Bicarbonate ,FALSE
Atoms of purine ring are contributed by - Aspartic acid ,TRUE
DNA - Carries genetic information ,TRUE
DNA - Helps in protein synthesis ,FALSE
DNA - Contains uracil ,FALSE
DNA - Is present in mitochondria ,TRUE
DNA - Contains ribose sugar ,FALSE
Characteristic features of mRNA include - Carries message from DNA ,TRUE
Characteristic features of mRNA include - Contain anti-codon ,FALSE
Characteristic features of mRNA include - Requires modification after synthesis ,TRUE
Characteristic features of mRNA include - Acts as an adapter molecule ,FALSE
Characteristic features of mRNA include - Is not a part of gene ,TRUE
Genetic code - Are not universal in all form of life ,FALSE
Genetic code - Maintain the integrity of species ,TRUE
Genetic code - Have no punctuation ,TRUE
Genetic code - Is responsible for protein synthesis ,TRUE
Genetic code - Is made up of 4 codon ,FALSE
Nucleotides present in the coenzyme are - NAD ,TRUE
Nucleotides present in the coenzyme are - FMB ,FALSE
Nucleotides present in the coenzyme are - Coenzyme-A ,TRUE
Nucleotides present in the coenzyme are - Coenzyme-Q ,FALSE
Nucleotides present in the coenzyme are - Biotin ,TRUE
Are these statements about genetic code correct? - It is degenerative ,TRUE
Are these statements about genetic code correct? - It is overlapping ,FALSE
Are these statements about genetic code correct? - It is non-specific ,FALSE
Are these statements about genetic code correct? - It is unambiguous ,TRUE
Are these statements about genetic code correct? - It is composed of 4 base codon ,FALSE
Are the following karyotypes ? - Ovum: 23X ,FALSE
Are the following karyotypes ? - Ovum: 46 XX ,FALSE
Are the following karyotypes ? - Sperm: 23Y ,FALSE
Are the following karyotypes ? - Sperm: 23X/23Y ,TRUE
Are the following karyotypes ? - Sperm: 46XY ,FALSE
Followings are nucleosides - NAD ,FALSE
Followings are nucleosides - NADP ,FALSE
Followings are nucleosides - Uridine ,TRUE
Followings are nucleosides - CoA ,FALSE
Followings are nucleosides - Cytidine ,TRUE
DNA is denatured by - Heat ,TRUE
DNA is denatured by - Alkali ,TRUE
DNA is denatured by - Acid ,TRUE
DNA is denatured by - Pressure ,FALSE
DNA is denatured by - Cold ,FALSE
Nucleotides act in the cell as - Coenzyme ,TRUE
Nucleotides act in the cell as - Energy currency ,TRUE
Nucleotides act in the cell as - Anti-oxidant ,FALSE
Nucleotides act in the cell as - Second messenger ,TRUE
Nucleotides act in the cell as - Oxygen carrier ,FALSE
DNA - Is present in nucleus and mitochondria ,TRUE
DNA - Contain uracil base ,FALSE
DNA - Helps in protein synthesis ,FALSE
DNA - Contain sugar ribose ,FALSE
DNA - Present in cytoplasm ,FALSE
Post transcriptional modification includes - Addition of a poly tail ,TRUE
Post transcriptional modification includes - Methyl guanosine ,TRUE
Post transcriptional modification includes - Phosphorylation ,FALSE
Post transcriptional modification includes - Hydroxylation ,FALSE
Post transcriptional modification includes - Splicing ,TRUE
Post translational modifications in eukaryotes include - Splicing of exons ,FALSE
Post translational modifications in eukaryotes include - Removal of introns ,FALSE
Post translational modifications in eukaryotes include - Addition of 5' poly A in mRNA ,FALSE
Post translational modifications in eukaryotes include - 5' capping with 7 methyl guanosine ,FALSE
Post translational modifications in eukaryotes include - Covalent modifications ,TRUE
"Nucleotide - Consists of nitrogenous base, ribose sugar and phosphate ",TRUE
Nucleotide - Can act as energy currency ,TRUE
Nucleotide - Is a monomer of nucleic acid ,TRUE
Nucleotide - Can not act as cofactor ,FALSE
Nucleotide - Is not water soluble ,FALSE
The following are required for PCR - Primase ,FALSE
The following are required for PCR - DNA primer ,FALSE
The following are required for PCR - DNA polymerase ,TRUE
The following are required for PCR - Plasmid ,FALSE
The following are required for PCR - dNTP ,FALSE
In transcription - Both strand simultaneously act as a template ,TRUE
In transcription - A primer is always required ,TRUE
In transcription - Only mRNA is synthesized ,FALSE
In transcription - RNA polymerase enzyme is required ,FALSE
In transcription - Post transcriptional modifications required ,FALSE
Down syndrome - Is a chromosomal disorder due to trisomy 18 ,FALSE
Down syndrome - Is a single gene disorder ,FALSE
Down syndrome - Is a trisomy 21 ,TRUE
Down syndrome - Is an autosomal disorder ,TRUE
Down syndrome - Karyotype is 47XY+21 ,TRUE
The following statements are consistent with PCR - It is an in vivo technique for amplification of DNA ,FALSE
"The following statements are consistent with PCR - It requires dATP, JGTP, CTP, ATP nucleotides ",TRUE
The following statements are consistent with PCR - It requires restriction endonuclease ,FALSE
The following statements are consistent with PCR - It is used for diagnosis of diseases ,TRUE
The following statements are consistent with PCR - It does not require primer construction ,FALSE
DNA replication - Is a semiconservative process ,TRUE
DNA replication - Use only one strand as template ,FALSE
DNA replication - Requires enzyme primase ,TRUE
DNA replication - Needs a protein as primer ,FALSE
DNA replication - Needs an amino acid as primer ,FALSE
Following nucleotides are required in DNA synthesis - ATP ,TRUE
Following nucleotides are required in DNA synthesis - dGTP ,TRUE
Following nucleotides are required in DNA synthesis - dCTP ,TRUE
Following nucleotides are required in DNA synthesis - dUTP ,FALSE
Following nucleotides are required in DNA synthesis - TTP ,TRUE
Structural features of tRNA are - It is clover shaped ,FALSE
Structural features of tRNA are - It contains usual bases only ,FALSE
Structural features of tRNA are - Amino acids bind at 5'-end ,FALSE
Structural features of tRNA are - Has an anticodon arm ,TRUE
Structural features of tRNA are - Contain codon for protein synthesis ,FALSE
Nucleotides play role in - Energy transductions ,TRUE
Nucleotides play role in - Absorption of digestive end products ,FALSE
Nucleotides play role in - Glomerular filtration ,FALSE
Nucleotides play role in - Signal transduction ,FALSE
Nucleotides play role in - Buffering ,FALSE
Following nucleotides are required in DNA synthesis - ATP ,TRUE
Following nucleotides are required in DNA synthesis - dGTP ,TRUE
Following nucleotides are required in DNA synthesis - dCTP ,TRUE
Following nucleotides are required in DNA synthesis - dUTP ,FALSE
Following nucleotides are required in DNA synthesis - TTP ,TRUE
Central dogma of genetic information - Was originally described by Mendel ,FALSE
Central dogma of genetic information - Does not include DNA replication ,FALSE
Central dogma of genetic information - Includes transfer of information of DNA to protein ,TRUE
Central dogma of genetic information - In RNA virus includes synthesis of DNA from RNA ,FALSE
Central dogma of genetic information - Includes translation ,TRUE
Eukaryotic DNA replication - Is a conservative process ,FALSE
Eukaryotic DNA replication - Process starts in a single point of origin ,FALSE
Eukaryotic DNA replication - Is slower than in E. coli ,FALSE
Eukaryotic DNA replication - Polymerase is the major replicating enzyme ,TRUE
Eukaryotic DNA replication - Polymerase is responsible for adding primers ,FALSE
Synthesis of RNA - Is a conservative process ,TRUE
Synthesis of RNA - Does not require a gene ,FALSE
Synthesis of RNA - Does not require posttranslational modification on prokaryotes ,FALSE
Synthesis of RNA - Is the step of gene expression ,TRUE
Synthesis of RNA - Takes place in the cytoplasm of eukaryotic cells ,TRUE
Restriction endonuclease - Enzyme cleaves a DNA at its end ,TRUE
Restriction endonuclease - Enzyme cleaves RNA at its middle ,FALSE
Restriction endonuclease - Enzyme cleaves a DNA at a specific nucleotide sequence ,TRUE
Restriction endonuclease - Cleaves a DNA at a specific nucleotide sequence which is a palindrome ,TRUE
Restriction endonuclease - Enzymes are named according to the scientist who first discovered it ,FALSE
The nitrogen atoms of pyrimidine nucleus are provided by - Glutamate ,FALSE
The nitrogen atoms of pyrimidine nucleus are provided by - Glutamine ,TRUE
The nitrogen atoms of pyrimidine nucleus are provided by - Aspartate ,TRUE
The nitrogen atoms of pyrimidine nucleus are provided by - Alanine ,FALSE
The nitrogen atoms of pyrimidine nucleus are provided by - Glycine ,FALSE
In organization of DNA - Hydrogen bond between bases ,TRUE
In organization of DNA - Parallel double helix ,TRUE
In organization of DNA - Covalent bond between bases ,FALSE
In organization of DNA - Sugar phosphate backbone ,TRUE
"In organization of DNA - Histone protein H₂A, H₂B₂H₂ & H₁ ",FALSE
Polymerase chain reaction - Is an in vivo process ,FALSE
Polymerase chain reaction - Does not require a primer ,FALSE
Polymerase chain reaction - Is a cell free amplification technique ,TRUE
Polymerase chain reaction - Needs DNA polymerase enzyme ,TRUE
Polymerase chain reaction - Is required for diagnosis of genetic disease ,TRUE
Purine synthesis requires - Aspartate ,TRUE
Purine synthesis requires - Glutamate ,TRUE
Purine synthesis requires - Formyl dihydrofolate ,FALSE
Purine synthesis requires - Formyl tetrahydrofolate ,TRUE
Purine synthesis requires - Glycine ,TRUE
In genetic code - 64 codons code for amino acid ,TRUE
In genetic code - AUG is initiation codon ,FALSE
In genetic code - Ambiguity and degeneracy are synonymous ,FALSE
In genetic code - Overlapping & punctuation are characteristic feature ,FALSE
In genetic code - One codon codes for one amino acid ,TRUE
Non-sense codons - Do not code for amino acid ,TRUE
Non-sense codons - Act as chain termination signals ,TRUE
Non-sense codons - Are identical in nuclear and mitochondrial DNA ,FALSE
Non-sense codons - Have no complimentary anticodons ,TRUE
Non-sense codons - Are equal to sense codons ,FALSE
PRPP is used for all of the following - De novo synthesis of purine nucleotides ,TRUE
PRPP is used for all of the following - De novo synthesis of pyrimidine nucleotides ,FALSE
PRPP is used for all of the following - Salvage of purine bases ,TRUE
PRPP is used for all of the following - Salvage of pyrimidine bases ,FALSE
PRPP is used for all of the following - Detoxification of uric acid ,FALSE
Genetic code is - Degenerate ,TRUE
Genetic code is - Ambiguous ,FALSE
Genetic code is - Nearly universal ,TRUE
Genetic code is - Overlapping ,FALSE
Genetic code is - Redundancy ,TRUE
Free purine bases which can be salvaged are - Xanthine ,FALSE
Free purine bases which can be salvaged are - Hypoxanthine ,TRUE
Free purine bases which can be salvaged are - Guanine ,TRUE
Free purine bases which can be salvaged are - Cytosine ,FALSE
Free purine bases which can be salvaged are - Adenine ,TRUE
Numerical disorders of chromosomes are - Monosomy ,TRUE
Numerical disorders of chromosomes are - Deletion ,FALSE
Numerical disorders of chromosomes are - Inversion ,FALSE
Numerical disorders of chromosomes are - Translocation ,FALSE
Numerical disorders of chromosomes are - Triploidy ,TRUE
Restriction endonucleases - Are present in bacteria ,TRUE
Restriction endonucleases - Act on ds-DNA ,FALSE
Restriction endonucleases - Recognize palindrome sequence ,TRUE
Restriction endonucleases - Always produce sticky ends ,FALSE
Features of tRNA are that - it is folded ,TRUE
Features of tRNA are that - it is double stranded ,FALSE
Features of tRNA are that - it carries amino acids ,TRUE
Features of tRNA are that - it acts as template ,FALSE
Features of tRNA are that - it has got different arms ,TRUE
Post-translational modifications include - trimming ,TRUE
Post-translational modifications include - addition of poly A tail ,FALSE
Post-translational modifications include - splicing ,FALSE
Post-translational modifications include - glycosylation ,TRUE
Post-translational modifications include - carboxylation ,TRUE
Nucleotides in the cell can act as - coenzymes ,TRUE
Nucleotides in the cell can act as - electron transporter ,TRUE
Nucleotides in the cell can act as - energy carriers ,TRUE
Nucleotides in the cell can act as - genetic information carrier ,FALSE
Nucleotides in the cell can act as - metabolic fuel for body ,FALSE
DNA replication is - is a semi-conservative process ,TRUE
DNA replication is - uses only one strand as a template ,FALSE
DNA replication is - needs enzyme primase ,TRUE
DNA replication is - is an unidirectional process ,FALSE
DNA replication is - needs a protein as a primer ,FALSE
Polymerase chain reaction is - needs more than two primers ,TRUE
Polymerase chain reaction is - requires cleavage of DNA by restriction endonuclease ,FALSE
Polymerase chain reaction is - is an in-vitro process ,TRUE
Polymerase chain reaction is - requires Taq DNA polymerase ,TRUE
Polymerase chain reaction is - can produce 10 products in 20 cycles ,FALSE
Purine synthesis requires - aspartate ,TRUE
Purine synthesis requires - glutamate ,TRUE
Purine synthesis requires - citrate ,FALSE
Purine synthesis requires - tetrahydrofolate ,TRUE
Purine synthesis requires - glucose ,FALSE
End products of purine metabolism - orotic acid ,FALSE
End products of purine metabolism - uric acid ,TRUE
End products of purine metabolism - NH₃ ,TRUE
End products of purine metabolism - β-alanine ,TRUE
End products of purine metabolism - xanthine ,FALSE
Translation requires - aminoacyl transfer RNA synthase ,TRUE
Translation requires - mainly essential amino acids ,TRUE
Translation requires - post translational modification ,TRUE
Translation requires - protein factors only initiation ,FALSE
Translation requires - transfer RNA ,TRUE
Replication of DNA - uses only one strand as template ,FALSE
Replication of DNA - preserves the characteristics of the species ,TRUE
Replication of DNA - occurs in the S phase of cell cycle ,TRUE
Replication of DNA - produce okazaki fragments in leading strand ,FALSE
Replication of DNA - starts in the replication fork ,TRUE
In genetic code - 64 codons code for amino acid ,FALSE
In genetic code - AUG is initiation codon ,TRUE
In genetic code - ambiguity and degeneracy is synonymous ,FALSE
In genetic code - degeneracy and redundancy is synonymous ,TRUE
In genetic code - one codon codes for one amino acid ,TRUE
Numerical disorders of chromosomes are - monosomy ,TRUE
Numerical disorders of chromosomes are - deletion ,TRUE
Numerical disorders of chromosomes are - inversion ,FALSE
Numerical disorders of chromosomes are - translocation ,FALSE
Numerical disorders of chromosomes are - triploidy ,TRUE
In cloning - restriction endonuclease is required ,TRUE
In cloning - a vector is required ,TRUE
In cloning - probes are essential ,FALSE
In cloning - transformation of chimeric molecule in bacteria is needed ,TRUE
In cloning - enormous amounts of target sequence ,FALSE
Nucleotides act in the cell as - coenzyme ,TRUE
Nucleotides act in the cell as - energy currency ,TRUE
Nucleotides act in the cell as - antioxidant ,FALSE
Nucleotides act in the cell as - second messenger ,TRUE
Nucleotides act in the cell as - oxygen carrier ,FALSE
PCR - is an in vivo process ,FALSE
PCR - requires a primer ,TRUE
PCR - amplifies a target RNA ,FALSE
PCR - requires RNA polymerase ,FALSE
PCR - is a diagnostic procedure ,TRUE
RNA is present in - nucleus ,TRUE
RNA is present in - mitochondria ,FALSE
RNA is present in - cytoplasm ,TRUE
RNA is present in - ribosome ,TRUE
Posttranscriptional modifications are - 7-CH₃ guanosine capping ,TRUE
Posttranscriptional modifications are - Glycosylation ,FALSE
Posttranscriptional modifications are - Splicing of introns ,TRUE
Posttranscriptional modifications are - Hydroxylation ,FALSE
Posttranscriptional modifications are - Addition of unusual bases ,FALSE
Purine synthesis requires - Aspartate ,TRUE
Purine synthesis requires - Glutamate ,TRUE
Purine synthesis requires - Citrate ,FALSE
Purine synthesis requires - Tetrahydrofolate ,TRUE
Purine synthesis requires - Glycine ,TRUE
Purine synthesis requires - is specific for an amino acid ,TRUE
Post translational modifications include - trimming ,TRUE
Post translational modifications include - addition of poly A tail ,FALSE
Post translational modifications include - splicing ,FALSE
Post translational modifications include - glycosylation ,TRUE
Post translational modifications include - carboxylation ,TRUE
RNA is present in - Nucleus ,TRUE
RNA is present in - Cytosol ,TRUE
RNA is present in - Ribosome ,TRUE
RNA is present in - Golgi apparatus ,FALSE
RNA is present in - Lysosome ,FALSE
Post translational modifications include - trimming ,TRUE
Post translational modifications include - methyl guanosine capping ,FALSE
Post translational modifications include - hydroxylation ,TRUE
Post translational modifications include - splicing ,FALSE
Post translational modifications include - glycosylation ,TRUE
The following are the nucleotides - ATP ,TRUE
The following are the nucleotides - GTP ,TRUE
The following are the nucleotides - adenosine ,FALSE
The following are the nucleotides - guanosine ,FALSE
The following are the nucleotides - cyclic AMP ,TRUE
PCR - amplifies a target DNA ,TRUE
PCR - needs DNA polymerase ,TRUE
PCR - does not require a primer ,FALSE
PCR - is an in vitro process ,TRUE
PCR - helps to detect criminals ,TRUE
DNA is present in - nucleus ,TRUE
DNA is present in - endoplasmic reticulum ,FALSE
DNA is present in - mitochondria ,TRUE
DNA is present in - golgi apparatus ,FALSE
DNA is present in - ribosome ,FALSE
Nucleotides in the cell act as - coenzymes ,TRUE
Nucleotides in the cell act as - electron transporter ,TRUE
Nucleotides in the cell act as - energy currency ,TRUE
Nucleotides in the cell act as - genetic information carrier ,FALSE
Nucleotides in the cell act as - fuel of the body ,FALSE
tRNA - is double stranded ,FALSE
tRNA - has two arms ,FALSE
tRNA - carries amino acid ,TRUE
tRNA - is the largest RNA ,FALSE
tRNA - is semiconservative ,TRUE
tRNA - preserves species ,TRUE
tRNA - needs ribosome ,FALSE
tRNA - is a unidirectional process ,TRUE
tRNA - does not replicate introns ,FALSE
Polymerase chain reaction - is an in vivo process ,FALSE
Polymerase chain reaction - uses heat labile DNA polymerase ,FALSE
Polymerase chain reaction - needs vector ,FALSE
Polymerase chain reaction - requires primer ,TRUE
Polymerase chain reaction - helps diagnosis of disease ,TRUE
Nucleotides can act as - energy currency of cell ,TRUE
Nucleotides can act as - coenzyme ,TRUE
Nucleotides can act as - proenzyme ,FALSE
Nucleotides can act as - electron transporter ,TRUE
Nucleotides can act as - hormone ,FALSE
IRNA - is double stranded ,FALSE
IRNA - has got two arms ,FALSE
IRNA - is specific for an amino acid ,TRUE
IRNA - contains anticodon ,TRUE
IRNA - is a carrier of amino acid ,TRUE
The genetic diseases are - Down's syndrome ,TRUE
The genetic diseases are - Wernick's encephalopathy ,FALSE
The genetic diseases are - Turner's syndrome ,TRUE
The genetic diseases are - Kernicterus ,FALSE
The genetic diseases are - Nephrotic syndrome ,FALSE
DNA is present in - ER ,FALSE
DNA is present in - mitochondria ,TRUE
DNA is present in - chromosome ,TRUE
DNA is present in - chromatin ,FALSE
Post transcriptional modifications include - methylguanosine capping ,TRUE
Post transcriptional modifications include - splicing ,TRUE
Post transcriptional modifications include - addition of poly A tail ,TRUE
Post transcriptional modifications include - phosphorylation ,FALSE
Post transcriptional modifications include - hydroxylation ,FALSE
DNA is - present in the nucleus ,TRUE
DNA is - single stranded ,FALSE
DNA is - replicated in vitro in PCR ,TRUE
DNA is - forms chromosome ,TRUE
DNA is - present in endoplasmic reticulum ,FALSE
Maternal age has strong influence in the incidence of it ,FALSE
Maternal age has strong influence in the incidence of it - Have 10-20 fold increased risk of developing acute leukemia ,TRUE
Maternal age has strong influence in the incidence of it - Children have no mental retardation ,FALSE
Maternal age has strong influence in the incidence of it - Parents of child with trisomy 21 have a normal karyotype ,TRUE
The following are the X-linked recessive disorder - Phenylketonuria ,FALSE
The following are the X-linked recessive disorder - Haemophillia ,TRUE
The following are the X-linked recessive disorder - G-6-P dehydrogenase deficiency ,TRUE
The following are the X-linked recessive disorder - Sickle cell anaemia ,FALSE
The following are the X-linked recessive disorder - Familial hyper-cholesterolemia ,FALSE
Numerical disorders of chromosomes are - monosomy ,TRUE
Numerical disorders of chromosomes are - deletion ,FALSE
Numerical disorders of chromosomes are - insertion ,FALSE
Numerical disorders of chromosomes are - translocation ,FALSE
Numerical disorders of chromosomes are - trisomy ,TRUE
Genes - Contains allele that cause the trait ,TRUE
Genes - The expresses 45x0 cause turner syndrome ,TRUE
"Genes - Of female karyotype is 46, XY ",FALSE
Genes - Contains code for enzyme synthesis ,FALSE
Genetically transmitted diseases are - marfans syndrome ,FALSE
Genetically transmitted diseases are - sickle cell anaemia ,TRUE
Genetically transmitted diseases are - thalassaemia ,TRUE
Genetically transmitted diseases are - peptic ulcer ,FALSE
Genetically transmitted diseases are - acute pancreatitis ,FALSE
Uses of PCR - diagnostic uses ,TRUE
Uses of PCR - to detect bacterial /viral infection ,TRUE
Uses of PCR - medico legal uses ,TRUE
Uses of PCR - gene therapy ,FALSE
Uses of PCR - gene mapping ,FALSE
Post transcriptional modification includes - 3' capping of methyl guanosine ,FALSE
Post transcriptional modification includes - 5' capping of methyl guanosine ,TRUE
Post transcriptional modification includes - addition of adenosine at 3' end ,FALSE
Post transcriptional modification includes - removal of introns ,TRUE
Post transcriptional modification includes - removal of extrons ,FALSE
Features of transcription includes following - conserve active process ,TRUE
Features of transcription includes following - symmetric process ,FALSE
Features of transcription includes following - non-selective process ,FALSE
Features of transcription includes following - primer is essential ,FALSE
Features of transcription includes following - undergoes modification ,FALSE
Down's syndrome - In 95% cases karyotype is 47XY +21 ,TRUE
Down's syndrome - Can pair with uncomplimentary bases ,FALSE
Down's syndrome - Located mainly in the cytosol ,TRUE
"Down's syndrome - composed of all nitrogenous bases, ribose sugar, phosphoric acid ",FALSE
Down's syndrome - Originates from DNA by replication process ,FALSE
Down's syndrome - There are 4 types of RNAs ,TRUE
Down's syndrome - Involved in protein synthesis by translation ,TRUE
Transcription - is a semiconservative process ,FALSE
Transcription - is a symmetric process ,TRUE
Transcription - is a highly selective process ,TRUE
Transcription - occurs in cytosol ,TRUE
Transcription - means synthesis of new protein ,FALSE
Characteristics of genetic code are - specificity ,TRUE
Characteristics of genetic code are - sensitivity ,FALSE
Characteristics of genetic code are - universality ,TRUE
Characteristics of genetic code are - regeneracy ,FALSE
Characteristics of genetic code are - degeneracy ,FALSE
PCR - means permanent change in the RNA ,FALSE
PCR - is an in vivo process ,FALSE
PCR - requires RNA polymerase ,FALSE
PCR - involve the process of DNA melting and annealing ,TRUE
PCR - process is faster and less difficult than cloning ,TRUE
DNA contains - pentose sugar ,TRUE
DNA contains - calcium phosphate ,FALSE
DNA contains - uracil ,FALSE
DNA contains - protein histone ,TRUE
DNA contains - gene ,TRUE
 statements about DNA are that - it is present in nucleus ,TRUE
 statements about DNA are that - introns are coding regions ,FALSE
 statements about DNA are that - its length measured by number of base pairs ,TRUE
 statements about DNA are that - it is present in mitochondria ,TRUE
 statements about DNA are that - it contains ribose ,FALSE
The features of tRNA are that - it is folded ,TRUE
The features of tRNA are that - it is double stranded ,FALSE
The features of tRNA are that - it carries amino acids ,TRUE
The features of tRNA are that - it acts as a template ,FALSE
The features of tRNA are that - it has got arms ,TRUE
Post translational modification includes - Trimming ,TRUE
Post translational modification includes - methyl guanosine capping ,FALSE
Post translational modification includes - glycosylation ,TRUE
Post translational modification includes - splicing ,FALSE
Post translational modification includes - hydroxylation ,TRUE
Requirements for translation are - 300 amino acids ,FALSE
Requirements for translation are - ribosome ,TRUE
Requirements for translation are - DNA primer ,FALSE
Requirements for translation are - DNA dependent RNA polymerase ,FALSE
Requirements for translation are - mRNA template ,TRUE
Mutagens are - dietary cholesterol ,FALSE
Mutagens are - X-ray ,TRUE
Mutagens are - benzene ,TRUE
Mutagens are - ultrasound ,FALSE
Mutagens are - ultraviolet ray ,TRUE
Post transcriptional modifications are - 3'capping ,FALSE
Post transcriptional modifications are - splicing ,TRUE
Post transcriptional modifications are - required for snRNA ,TRUE
Post transcriptional modifications are - glycosylation ,FALSE
Post transcriptional modifications are - addition of poly A tail ,TRUE
The  statements for tRNA are that - it is the largest of the RNA species ,FALSE
The  statements for tRNA are that - at least 20 different forms species ,FALSE
The  statements for tRNA are that - It contains the genetic code for protein synthesis ,FALSE
The  statements for tRNA are that - It transfers amino acid to mRNA ,TRUE
The  statements for tRNA are that - it has got folded structure ,TRUE
Replication of DNA - uses only one strand as a template ,TRUE
Replication of DNA - preserves the characteristics of species ,TRUE
Replication of DNA - occurs in the S phase of cell cycle ,TRUE
Replication of DNA - produces okazaki fragment in the leading strand ,FALSE
Replication of DNA - starts in the replication fork ,FALSE
In PCR - amplification of DNA occurs in replicating cell ,FALSE
In PCR - a vector is needed ,FALSE
In PCR - a DNA primer is a prerequisite ,TRUE
In PCR - target DNA requires to be denatured by heat ,TRUE
In PCR - heat stable DNA polymerase is required ,FALSE
Atoms of purine ring are contributed by - Folic acid ,TRUE
Atoms of purine ring are contributed by - Glutamine ,TRUE
Atoms of purine ring are contributed by - Alanine ,FALSE
Atoms of purine ring are contributed by - Bicarbonate ,FALSE
Atoms of purine ring are contributed by - Aspartic acid ,FALSE
DNA - Carry genetic information ,TRUE
DNA - Helps in protein synthesis ,TRUE
DNA - Contains uracil ,FALSE
DNA - Is present in mitochondria ,TRUE
DNA - Contains ribose sugar ,FALSE
The factor required for accurate initiation of transcription in prokaryotes is - alpha ,FALSE
The factor required for accurate initiation of transcription in prokaryotes is - beta ,FALSE
The factor required for accurate initiation of transcription in prokaryotes is - transcription factor II D (TF II D) ,TRUE
The factor required for accurate initiation of transcription in prokaryotes is - sigma ,TRUE
The factor required for accurate initiation of transcription in prokaryotes is - rho ,TRUE
Synovial fluid - Is a part of ECF,TRUE
Synovial fluid - Acts as lubricant,TRUE
Synovial fluid - Is devoid of buffer,FALSE
Synovial fluid - Contains mucopolysaccharide,TRUE
Synovial fluid - Is a part of intercellular fluid,FALSE
Calcium ions are required for - Coagulation of blood,TRUE
Calcium ions are required for - Maintenance of pH of blood,FALSE
Calcium ions are required for - Release of NT,TRUE
Calcium ions are required for - Action of some hormones,TRUE
Calcium ions are required for - Water volume regulation,FALSE
Sodium is - Secreted in the distal part of renal tubules,FALSE
Sodium is - The principal cation in ECF,TRUE
Sodium is - Involved in regulation of fluid balance,TRUE
Sodium is - Regulated by mineralocorticoids,TRUE
Sodium is - A parameter for acid base disorder,FALSE
Water balance is influenced by - Osmolarity of blood,TRUE
Water balance is influenced by - The hormone ADH,TRUE
Water balance is influenced by - Serum K+ concentration,FALSE
Water balance is influenced by - Thermic effect of food,FALSE
Water balance is influenced by - Environmental temperature,TRUE
Water balance is influenced by - Volume of blood,TRUE
Water balance is influenced by - Serum K+ concentration,FALSE
Water balance is influenced by - Thyroid hormone,FALSE
Water balance is influenced by - Environmental temperature,TRUE
Hyperkalemia - Is due to acute renal failure,TRUE
Hyperkalemia - Follows severe crush injury to limb,TRUE
Hyperkalemia - Has no effect on cardiac function,FALSE
Hyperkalemia - Coexists with acidosis,TRUE
Hyperkalemia - Increases skeletal muscle strength,FALSE
An increase in ECF osmolarity - Stimulates osmoreceptor cells,TRUE
An increase in ECF osmolarity - Stimulates aldosterone secretion,TRUE
An increase in ECF osmolarity - Stimulates ADH release,TRUE
An increase in ECF osmolarity - Causes dehydration of cerebral cells,TRUE
An increase in ECF osmolarity - Increases urinary sodium,FALSE
Sodium - Maintains 50% osmolarity of blood,TRUE
Body fluid is - Relatively constant,FALSE
Body fluid is - Varied depending on percentage of body fat,TRUE
Body fluid is - Distributed equally into two compartments,FALSE
Body fluid is - Not essential for homeostasis,FALSE
Body fluid is - Regulated by aldosterone and anti-diuretic hormone,TRUE
Calcium - Exists in serum as ionized form,TRUE
Calcium - Acts as intracellular messenger,TRUE
Calcium - Absorption depends on PTH,TRUE
Calcium - Deficiency leads to tetany,TRUE
Calcium - Is increased in chronic renal failure,FALSE
Dye used for total body water measurement is - D₂O,TRUE
Dye used for total body water measurement is - Mannitol,FALSE
Dye used for total body water measurement is - Tritium oxide,TRUE
Dye used for total body water measurement is - Isotope of Na+,FALSE
Dye used for total body water measurement is - Insulin,FALSE
Major intracellular cations are - Na,FALSE
Major intracellular cations are - K+,TRUE
Major intracellular cations are - Cu²⁺,FALSE
Major intracellular cations are - Mg²⁺,TRUE
Effects of hyperkalemia - Bradycardia,FALSE
Effects of hyperkalemia - Cardiac arrest,TRUE
Effects of hyperkalemia - Weakness,TRUE
Effects of hyperkalemia - Mental confusion,FALSE
Effects of hyperkalemia - Flat and inverted T-waves,FALSE
Hormones regulate Na⁺ level - Renin,TRUE
Hormones regulate Na⁺ level - Insulin,FALSE
Hormones regulate Na⁺ level - Aldosterone,TRUE
Hormones regulate Na⁺ level - ANP,TRUE
Hormones regulate Na⁺ level - Erythropoietin,FALSE
An increase in ECF osmolarity - Stimulates osmoreceptor cell,TRUE
An increase in ECF osmolarity - Stimulates ADH secretion,TRUE
An increase in ECF osmolarity - Decreases thirst sensation,FALSE
An increase in ECF osmolarity - Is related with increased serum [Na⁺],TRUE
ECF differs from ICF - Volume is greater,FALSE
ECF differs from ICF - Tonicity is lower,TRUE
ECF differs from ICF - Sodium potassium molar ratio is high,TRUE
ECF differs from ICF - pH is lower,FALSE
ECF differs from ICF - Anions are mainly inorganic,TRUE
Water balance is maintained by - Osmolarity of blood,TRUE
Water balance is maintained by - Serum [K'],FALSE
Water balance is maintained by - Serum [Na],TRUE
Water balance is maintained by - Environmental temperature,FALSE
Water balance is maintained by - Calcitriol,FALSE
Body water is regulated by - ADH,TRUE
Body water is regulated by - Cortisol,FALSE
Body water is regulated by - Oxytocin,FALSE
Body water is regulated by - Hypothalamus,TRUE
Body water is regulated by - PTH,FALSE
Calculated osmolality is obtained by - [Na],TRUE
Calculated osmolality is obtained by - [Ca],FALSE
Calculated osmolality is obtained by - Glucose,TRUE
Calculated osmolality is obtained by - Urea,TRUE
Calculated osmolality is obtained by - Protein,FALSE
An increase in ECF osmolarity - osmoreceptors are inhibited,FALSE
An increase in ECF osmolarity - ADH secretion is stimulated,TRUE
An increase in ECF osmolarity - thirst center is stimulated,TRUE
An increase in ECF osmolarity - serum [Na^+] is decreased,FALSE
An increase in ECF osmolarity - aldosterone activity is increased,FALSE
Causes of transmembrane K^+ influx - Insulin,TRUE
Causes of transmembrane K^+ influx - Acidosis,FALSE
Causes of transmembrane K^+ influx - Aldosterone,TRUE
Causes of transmembrane K^+ influx - Low serum [K],FALSE
Causes of transmembrane K^+ influx - Alkalosis,TRUE
Body fluid - is 60% of total body weight of an adult male,TRUE
Body fluid - Compartment is divided into two major areas,TRUE
Body fluid - In the peritoneum is part of ICF,FALSE
Body fluid - Varies with age and sex,TRUE
Body fluid - Cannot be measured,FALSE
Metabolic water is derived from - Carbohydrate,TRUE
Metabolic water is derived from - Protein,TRUE
Metabolic water is derived from - Fat,TRUE
Metabolic water is derived from - Vitamins,FALSE
Metabolic water is derived from - Minerals,FALSE
Body fluid is - Relatively constant,TRUE
Body fluid is - Varied depending on percentage of body fat,TRUE
Body fluid is - Equally distributed in ECF & ICF,FALSE
Body fluid is - Not essential for homeostasis,TRUE
Body fluid is - Regulated by calcitriol,FALSE
Normal serum level of - Na^+; 135-140 mmol/L,TRUE
Normal serum level of - Ca^2+; 9-11 mg/L,TRUE
Normal serum level of - K^+; 20-28 mmol/L,FALSE
Normal serum level of - Bicarbonate; 10-14 mmol/L,FALSE
Normal serum level of - Chloride; 100-105 mmol/L,TRUE
Hyponatraemia occurs in the following condition - Hyperlipidaemia,FALSE
Hyponatraemia occurs in the following condition - Severe diarrhoea,TRUE
Hyponatraemia occurs in the following condition - Congested heart failure,TRUE
Hyponatraemia occurs in the following condition - Hyperthyroidism,FALSE
Hyponatraemia occurs in the following condition - Hypoglycaemia,FALSE
"Compared with ICF volume, ECF has - A lower H+ conc.",TRUE
"Compared with ICF volume, ECF has - A greater osmotic strength",FALSE
"Compared with ICF volume, ECF has - A lower K conc.",TRUE
"Compared with ICF volume, ECF has - A lower Na^+ conc.",FALSE
"Compared with ICF volume, ECF has - A lower protein conc.",TRUE
Plasma K+ - increases in tissue damage,TRUE
Plasma K+ - decreases in renal failure,FALSE
Plasma K+ - increases in acidosis,TRUE
Plasma K+ - increases in diarrhea,FALSE
Plasma K+ - decreases in insulin therapy,TRUE
Hypoosmolar hypervolaemia occurs in - Drinking large volume of water,FALSE
Hypoosmolar hypervolaemia occurs in - Diuretic therapy,FALSE
Hypoosmolar hypervolaemia occurs in - CCF,TRUE
Hypoosmolar hypervolaemia occurs in - Liver cirrhosis,TRUE
Hypoosmolar hypervolaemia occurs in - Nephrotic syndrome,TRUE
Body fluid - is 60% of the body weight in male,TRUE
Body fluid - remains mostly in ECF,FALSE
Body fluid - is regulated by ADH,TRUE
Body fluid - does not varies with age and sex,FALSE
Body fluid - balance is affected by plasma,TRUE
Insensible water is excreted through - sweating,TRUE
Insensible water is excreted through - expiration,TRUE
Insensible water is excreted through - perspiration,TRUE
Insensible water is excreted through - feces,TRUE
Insensible water is excreted through - urine,FALSE
Blood calcium is regulated by - calcitriol,TRUE
Blood calcium is regulated by - cortisol,FALSE
Blood calcium is regulated by - calcitonin,TRUE
Blood calcium is regulated by - catecholamine,FALSE
Blood calcium is regulated by - parathormone,TRUE
Electrolyte profile includes - Serum sodium,TRUE
Electrolyte profile includes - Serum chloride,TRUE
Electrolyte profile includes - Serum bicarbonate,TRUE
Electrolyte profile includes - Serum calcium,FALSE
Electrolyte profile includes - Serum magnesium,FALSE
Plasma Ca levels are - Regulated by PTH,TRUE
Plasma Ca levels are - Increased in vitamin-D deficiency,FALSE
Plasma Ca levels are - Related with neural function,TRUE
Plasma Ca levels are - Decreased in chronic renal failure,TRUE
Plasma Ca levels are - Not depend on plasma albumin level,FALSE
Hormones that are regulating ECF volume and osmolarity include - Epinephrine,FALSE
Hormones that are regulating ECF volume and osmolarity include - Renin,TRUE
Hormones that are regulating ECF volume and osmolarity include - Cortisol,FALSE
Hormones that are regulating ECF volume and osmolarity include - Aldosterone,TRUE
Hormones that are regulating ECF volume and osmolarity include - ANP,TRUE
Transcellular fluids include - Serum,FALSE
Transcellular fluids include - Bile,TRUE
Transcellular fluids include - CSF,TRUE
Transcellular fluids include - Synovial fluid,TRUE
Transcellular fluids include - Lymph,FALSE
Body water is excreted out - By producing metabolic water,FALSE
Body water is excreted out - Through inspiration,FALSE
Body water is excreted out - Through perspiration,TRUE
Body water is excreted out - Through feces,TRUE
Body water is excreted out - By accumulation in the interstitial space,FALSE
The electrolyte composition of plasma is - Na 10 mEq/L,FALSE
The electrolyte composition of plasma is - Ca 4.5 mEq/L,TRUE
The electrolyte composition of plasma is - K04 mEq/L,TRUE
The electrolyte composition of plasma is - HCO3 28 mEq/L,TRUE
The electrolyte composition of plasma is - Cl 103 mEq/L,TRUE
Cause of isotonic volume contraction - Massive bleeding,TRUE
Cause of isotonic volume contraction - Diarrhea,TRUE
Cause of isotonic volume contraction - Intestinal fistula,TRUE
Cause of isotonic volume contraction - Vomiting,TRUE
Cause of isotonic volume contraction - Osmotic diuresis,FALSE
Calcium - Exists in serum as ionized form,TRUE
Calcium - Acts as intracellular messenger,TRUE
Calcium - Absorption requires vitamin-K,FALSE
Calcium - Deficiency leads to tetany,TRUE
Calcium - Excretion is increased by calcitriol,FALSE
Water balance is influenced by - Osmolarity of blood,TRUE
Water balance is influenced by - Volume of blood,TRUE
Water balance is influenced by - Serum K,FALSE
Water balance is influenced by - Serum Na,TRUE
Water balance is influenced by - Serum H,FALSE
Water balance is influenced by - Environmental temperature,TRUE
Water balance is influenced by - Calcitriol,FALSE
Blood pH is regulated by - Na,FALSE
Blood pH is regulated by - HCO3,TRUE
Blood pH is regulated by - K,FALSE
Blood pH is regulated by - Mg,FALSE
Blood pH is regulated by - HPO4,TRUE
Impaired renal function-Increases blood ammonia,TRUE
Impaired renal function-Increases prothrombin time,TRUE
Impaired renal function-Is associated with anaemia,FALSE
Impaired renal function-Increases serum [K'],TRUE
Impaired renal function-Decreases creatinine clearance,TRUE
Glomerular filtration-passive & selective,TRUE
Glomerular filtration-caused by net filtration pressure,TRUE
Glomerular filtration-affected by glomerular hydrostatic pressure,TRUE
Glomerular filtration-an energy requiring process,FALSE
Kidney produces following hormones-renin,TRUE
Kidney produces following hormones-angiotensin,FALSE
"Kidney produces following hormones-1,25 dihydroxycholecalciferol",TRUE
Kidney produces following hormones-gastrin,FALSE
Kidney produces following hormones-erythropoietin,TRUE
Abnormal constituents of urine are-protein,TRUE
Abnormal constituents of urine are-urea,FALSE
Abnormal constituents of urine are-bile salt,TRUE
Abnormal constituents of urine are-uric acid,FALSE
Abnormal constituents of urine are-creatinine,FALSE
Kidney function test includes-creatinine clearance test,TRUE
Kidney function test includes-serum creatinine estimation,TRUE
Kidney function test includes-serum lipid estimation,FALSE
Kidney function test includes-affected by surface area of Bowman's capsule,TRUE
Kidney function test includes-prothrombin time,FALSE
Kidney function test includes-serum bicarbonate level estimation,TRUE
GFR is increased when-glomerular capillary hydrostatic pressure is increased,TRUE
GFR is increased when-Plasma osmotic pressure is increased,FALSE
GFR is increased when-Bowman's capsule pressure is increased,FALSE
GFR is increased when-renal blood flow is increased,TRUE
GFR is increased when-glomerular capillary filtration coefficient is decreased,FALSE
Tm limited reabsorption of a substance implies that-reabsorption is active,TRUE
Tm limited reabsorption of a substance implies that-Reabsorption is limited to tubular transit time,TRUE
Tm limited reabsorption of a substance implies that-reabsorption is complete below a threshold value,TRUE
Tm limited reabsorption of a substance implies that-renal clearance falls with its plasma concentration,TRUE
Tm limited reabsorption of a substance implies that-excretion rate is zero until Tm value reached,FALSE
Administration of ADH-decreases water loss by lungs,FALSE
Administration of ADH-decreases water loss by kidney,TRUE
Administration of ADH-increases perspiration,FALSE
Administration of ADH-decreases reabsorption of Na by PCT,FALSE
Administration of ADH-increases reabsorption of water by distal tubule,TRUE
Autoregulation of renal blood flow-occurs at pressure of 90 to 220 mm of Hg,TRUE
Autoregulation of renal blood flow-is present in denervated kidney,TRUE
Autoregulation of renal blood flow-is due to contraction of afferent arteriole,TRUE
Autoregulation of renal blood flow-is due to contraction of efferent arteriole,FALSE
Autoregulation of renal blood flow-is increased with arterial pressure,TRUE
Principle cell of collecting duct are responsible-for Na reabsorption,TRUE
Principle cell of collecting duct are responsible-for H secretion,TRUE
Principle cell of collecting duct are responsible-for HCO3 prevention,TRUE
Principle cell of collecting duct are responsible-for water reabsorption,FALSE
Principle cell of collecting duct are responsible-for production of renin,FALSE
GFR increases in-urethral obstruction,FALSE
GFR increases in-afferent arteriole constriction,TRUE
GFR increases in-increased hydrostatic pressure in glomeruli,TRUE
GFR increases in-mild constriction of efferent arteriole,FALSE
GFR increases in-hypoproteinemia,TRUE
Abnormal constituent of urine is-albumin,TRUE
Abnormal constituent of urine is-creatinine,FALSE
Abnormal constituent of urine is-urea,FALSE
Abnormal constituent of urine is-ketone body,TRUE
"In absence of ADH, maximum water is reabsorbed in the PCT",TRUE
"In absence of ADH, maximum water is reabsorbed in the loop of Henle",FALSE
"In absence of ADH, maximum water is reabsorbed in the distal tubules",FALSE
"In absence of ADH, maximum water is reabsorbed in the cortical collecting ducts",FALSE
"In absence of ADH, maximum water is reabsorbed in the medullary collecting duct",FALSE
pH: Negative logarithm of H+,TRUE
pH: High in acidosis,FALSE
pH: Determinant of acid/base concentration,FALSE
pH: Important for enzyme activity,TRUE
pH: Determinant of pK value of a solution,FALSE
pH value of: Saliva: 7.2-7.4,FALSE
pH value of: Urine: average 6.0,TRUE
pH value of: Pancreatic juice: 5.5-6.5,FALSE
pH value of: Blood: 7.35-7.45,TRUE
pH value of: Water: 1.0-3.5,FALSE
Examples of standard solution include: Molar solution,TRUE
Examples of standard solution include: 10% glucose solution,FALSE
Examples of standard solution include: Normal solution,TRUE
Examples of standard solution include: Colloid solution,FALSE
Examples of standard solution include: Saline water,FALSE
Isotopes are: Atoms of same element,TRUE
Isotopes are: Compounds having same number of proton,FALSE
Isotopes are: Compounds having same number of neutron,FALSE
Isotopes are: Of same atomic weight,FALSE
Isotopes are: Used in treatment of disease,TRUE
Following are primary active transports: Proton pump,TRUE
Following are primary active transports: Na-K pump,TRUE
Following are primary active transports: Sodium glucose co-transport,FALSE
Following are primary active transports: Na-K & Cl pump,FALSE
Following are primary active transports: Sodium-amino acid co-transport,FALSE
Following substances are crystalloids: Glucose,TRUE
Following substances are crystalloids: Urea,TRUE
Following substances are crystalloids: Creatinine,FALSE
Following substances are crystalloids: Albumin,FALSE
Following substances are crystalloids: Fibrinogen,FALSE
Urinary buffers are: Ammonia buffers,TRUE
Urinary buffers are: Inorganic phosphate buffer,TRUE
Urinary buffers are: Bicarbonate buffer,TRUE
Urinary buffers are: Organic phosphate buffer,FALSE
Urinary buffers are: Protein buffer,FALSE
SI units for: Length is meter,TRUE
SI units for: Pressure is Pascal,TRUE
SI units for: Temperature is Kelvin,TRUE
SI units for: Area is square feet,FALSE
SI units for: Energy is calorie,FALSE
Cell membrane contains: Triacylglycerol,FALSE
Cell membrane contains: Phospholipid,TRUE
Cell membrane contains: Glycolipid,TRUE
Cell membrane contains: Lipoprotein,FALSE
Cell membrane contains: Glycogen,FALSE
Common crystalloids of plasma are: Glucose,FALSE
Common crystalloids of plasma are: Amino acid,TRUE
Common crystalloids of plasma are: Fibrinogen,FALSE
Common crystalloids of plasma are: Sodium,FALSE
Common crystalloids of plasma are: Triacylglycerol,FALSE
pH of a solution: Is the measure of its H+ activity,TRUE
pH of a solution: Bears direct relationship with [OH-],FALSE
pH of a solution: Can be determined by law of mass action,FALSE
pH of a solution: Can not indicate [OH-],FALSE
pH of a solution: Can be determined by pH meter,TRUE
Osmolarity of plasma is calculated by: Plasma sodium conc.,TRUE
Osmolarity of plasma is calculated by: Plasma potassium conc.,FALSE
Osmolarity of plasma is calculated by: Plasma calcium conc.,FALSE
Osmolarity of plasma is calculated by: Plasma urea conc.,FALSE
Osmolarity of plasma is calculated by: Plasma glucose conc.,FALSE
pK: indicates the strength of an acid,TRUE
pK: reflects the pH of a solution,FALSE
pK: indicates buffering capacity,TRUE
pK: is never equal to pH,FALSE
pK: value is directly related with acid strength,FALSE
Isotopes are: Atoms of same element,TRUE
Isotopes are: Compounds having same chemical properties,FALSE
Isotopes are: Compounds having same number of neutron,FALSE
Isotopes are: Showing same physical properties,FALSE
Isotopes are: Containing equal number of proton and neutron,FALSE
Isotonic solutions are: Normal saline,TRUE
Isotonic solutions are: Normal solution,FALSE
Isotonic solutions are: Dextran solution,FALSE
Isotonic solutions are: Hartman's solution,TRUE
Isotonic solutions are: 0.1% NaCl solution,FALSE
Primary active transport includes: H⁺ ATPase,TRUE
Primary active transport includes: Ca²⁺ ATPase,TRUE
Primary active transport includes: Na⁺-K⁺ pump,TRUE
Primary active transport includes: Sodium transport of glucose,FALSE
Primary active transport includes: Sodium co-transport of amino acid,FALSE
Are the following statements true?: pH = log [H+],TRUE
Are the following statements true?: Low pH value denotes high [H+],TRUE
Are the following statements true?: High pH value denotes high [H+],FALSE
Are the following statements true?: pH of blood is neutral,FALSE
Are the following statements true?: Enzyme's activity is pH depended,TRUE
Isotopes: are the atoms of different elements,FALSE
Isotopes: are used in medicine,TRUE
Isotopes: have same atomic weight,FALSE
Isotopes: have definite half life of action,TRUE
Isotopes: never emit radioactivity,FALSE
Colloids are substances that: Can diffuse through semi permeable membrane,FALSE
Colloids are substances that: Have optical properties,TRUE
Colloids are substances that: Exert more osmotic pressure than crystalloid,FALSE
Colloids are substances that: Have electrophoretic mobility,TRUE
Colloids are substances that: Able to produce molecular solution,FALSE
Isotopes: Are the atoms of different elements,FALSE
Isotopes: Are compounds having same number of protons,TRUE
Isotopes: Have same atomic weights,FALSE
Isotopes: Which are radioactive used in medicine,TRUE
Isotopes: That are stable can emit radioactivity,FALSE
0.9% NaCl solution: Is normal saline,TRUE
0.9% NaCl solution: Is equivalent to 32 mosm/L,FALSE
0.9% NaCl solution: Is hypotonic to plasma,FALSE
0.9% NaCl solution: Composed of 9 mgm NaCl in 100 ml solution,FALSE
0.9% NaCl solution: Is isotonic to plasma,TRUE
Crystalloids: Are substances less than 1 micrometer,TRUE
Crystalloids: Can be seen by electron microscope,FALSE
Crystalloids: Have got Brownian movement,FALSE
Crystalloids: Can form true solution,TRUE
Crystalloids: Have got high osmotic pressure,FALSE
Colloids are substances that: Can diffuse through semipermeable membrane,FALSE
Colloids are substances that: Have optical properties,TRUE
Colloids are substances that: Are dialyzable,FALSE
Colloids are substances that: Have low osmotic pressure,FALSE
Colloids are substances that: Carry electric charge,TRUE
Cell membrane contains: TG,FALSE
Cell membrane contains: Phospholipid,TRUE
Cell membrane contains: Protein,TRUE
Cell membrane contains: Cholesterol,TRUE
Cell membrane contains: Free fatty acid,FALSE
Isotopes: Are atoms of same element,TRUE
Isotopes: Have different atomic weight,TRUE
Isotopes: Have same number of neutron,FALSE
Isotopes: Can be synthesized artificially,FALSE
Isotopes: Can be used as a level radiotracer,TRUE
Colloids are substances that: Can diffuse through semi permeable membrane,FALSE
Colloids are substances that: Have optical properties,TRUE
Colloids are substances that: Have molecular size <1 mm,FALSE
Colloids are substances that: Have low osmotic pressure,FALSE
Colloids are substances that: Are normally present in urine,FALSE
Isotopes: Atoms of the same element,TRUE
Isotopes: Compounds having same number of proton,FALSE
Isotopes: Not obtained in nature,FALSE
Isotopes: Compounds with same number of neutron,FALSE
Isotopes: Used for therapeutic purpose,TRUE
pK: indicates the strength of an acid,TRUE
pK: reflects the pH of a solution,FALSE
pK: is a measure of buffer capacity,TRUE
pK: points to an effective range of buffer solution,TRUE
pK: value is inversely proportionate with acid strength,FALSE
Common crystalloids of plasma are: glucose,TRUE
Common crystalloids of plasma are: amino acid,FALSE
Common crystalloids of plasma are: glycogen,FALSE
Common crystalloids of plasma are: sodium,TRUE
Common crystalloids of plasma are: cholesterol,FALSE
Isotopes are atoms having same: Half life,FALSE
Isotopes are atoms having same: Number of proton,TRUE
Isotopes are atoms having same: Number of neutron,FALSE
Isotopes are atoms having same: Atomic weight,FALSE
Isotopes are atoms having same: Atomic number,TRUE
Are the following statements true?: pH = pK when buffer capacity is low,FALSE
Are the following statements true?: pH values are always constant,FALSE
Are the following statements true?: Low pH values denote high conc. of H+,FALSE
Are the following statements true?: High pH values denote high conc. of OH-,TRUE
Are the following statements true?: 25°C pH of blood is 7.35-7.45 at temperature,FALSE
Substances that enter cell through simple diffusion are: Glucose,FALSE
Substances that enter cell through simple diffusion are: Oxygen,TRUE
Substances that enter cell through simple diffusion are: Carbon dioxide,TRUE
Substances that enter cell through simple diffusion are: Amino acid,FALSE
Substances that enter cell through simple diffusion are: Nitrogen,FALSE
The salient features of secondary active transport are: It requires no transporter,FALSE
The salient features of secondary active transport are: Transport is unidirectional,FALSE
The salient features of secondary active transport are: Energy requirement is obligatory,TRUE
The salient features of secondary active transport are: Movement is along the gradient,FALSE
The salient features of secondary active transport are: Energy is derived from diffusion,FALSE
Are these statements on acid: Acids dissociate to form proton and base,TRUE
Are these statements on acid: Base combine with protons to form acid,TRUE
Are these statements on acid: Strong bases are partially dissociated in high pH,FALSE
Are these statements on acid: Weak bases are dissociated fully at high pH,FALSE
Are these statements on acid: Metabolic intermediates are strong acid,FALSE
Following are the principal buffers of plasma: HCO3-/H2CO3,TRUE
Following are the principal buffers of plasma: HbO2/HHbO2,TRUE
Following are the principal buffers of plasma: HPO4-/H2PO4-,FALSE
Following are the principal buffers of plasma: NH3/NH4+,FALSE
Following are the principal buffers of plasma: Protein,FALSE
Following are the basic SI unit: Meter for length,TRUE
Following are the basic SI unit: Kg for amount of substance,FALSE
Following are the basic SI unit: Mole for the mass of the substance,FALSE
Following are the basic SI unit: Ampere for electric current,TRUE
Following are the basic SI unit: Candela for luminous intensity,TRUE
Na+: Hypoxia,TRUE
Na+: Insulin,FALSE
Na+: Cyanide poisoning,FALSE
Na+: Ouabin,TRUE
Na+: Thyroxine,FALSE
Common crystalloids of plasma are: glucose,TRUE
Common crystalloids of plasma are: amino acid,TRUE
Common crystalloids of plasma are: fibrinogen,FALSE
Common crystalloids of plasma are: sodium,TRUE
Common crystalloids of plasma are: cholesterol,FALSE
Colloids are substances that: can produce true solution,FALSE
Colloids are substances that: have optical property,TRUE
Colloids are substances that: are dialyzable,FALSE
Colloids are substances that: have low osmotic pressure,FALSE
Colloids are substances that: carry no electric charge,FALSE
Isotopes: are atoms of the same element,TRUE
Isotopes: are compounds having same number of proton,FALSE
Isotopes: are compounds having same number of neutron,FALSE
Isotopes: have same atomic weight,TRUE
Isotopes: have radioactivity may used as treatment,FALSE
A few example of active transport include: Na+ reabsorption in the distal tubule of kidney,FALSE
A few example of active transport include: Ca++ uptake by sarcoplasmic reticulum of muscle,TRUE
A few example of active transport include: movement of O2 from pulmonary alveoli into blood,FALSE
A few example of active transport include: the uptake of LDL molecule by the cell,FALSE
A few example of active transport include: glucose absorption in luminal border of intestine,TRUE
Substances that enter cells by simple diffusion are: Glucose,FALSE
Substances that enter cells by simple diffusion are: Oxygen,TRUE
Substances that enter cells by simple diffusion are: CO₂,TRUE
Substances that enter cells by simple diffusion are: Amino acid,FALSE
Substances that enter cells by simple diffusion are: Nitrogen,TRUE
Colloids are substances that: Can produce true solution,FALSE
Colloids are substances that: Have optical property,TRUE
Colloids are substances that: Are dialyzable,FALSE
Colloids are substances that: Have low osmotic pressure,FALSE
Colloids are substances that: Carry no electrical charge,FALSE
Active transport requires: Carrier protein,TRUE
Active transport requires: No gradient,FALSE
Active transport requires: No energy,FALSE
Active transport requires: Enzyme system,TRUE
Active transport requires: Separating membrane,TRUE
Blood buffers are: Hemoglobin,TRUE
Blood buffers are: Ammonia,FALSE
Blood buffers are: Albumin,TRUE
Blood buffers are: Calcium,FALSE
Blood buffers are: Oxyhemoglobin,TRUE
The following are crystalloids: sodium,TRUE
The following are crystalloids: albumin,FALSE
The following are crystalloids: glucose,TRUE
The following are crystalloids: fibrinogen,FALSE
The following are crystalloids: potassium,TRUE
Cell membrane contains: Amino acids,FALSE
Cell membrane contains: Triacylglycerol,FALSE
Cell membrane contains: Phospholipids,TRUE
Cell membrane contains: Cholesterol,TRUE
Cell membrane contains: Protein,TRUE
The following are characteristics of a colloid system: Size of the particles is 1 nm to 200 nm,FALSE
The following are characteristics of a colloid system: System is heterogeneous,TRUE
The following are characteristics of a colloid system: System is a true solution,FALSE
The following are characteristics of a colloid system: Exerts same osmotic pressure as a crystalloidal solution of same molarity,FALSE
The following are characteristics of a colloid system: Dispersed phase shows Brownian movement,FALSE
The equilibrium constant of a reaction: is always the same a given temperature & pressure,TRUE
The equilibrium constant of a reaction: Will be different for different concentrations of reactants,TRUE
The equilibrium constant of a reaction: Will be different for different temperature,FALSE
The equilibrium constant of a reaction: molar conc. of reactants / molar conc. of products,FALSE
The equilibrium constant of a reaction: Will be different for different concentration of products,FALSE
Denaturation of protein is characterized by: Hydrolysis of peptide bond,FALSE
Denaturation of protein is characterized by: Loss of primary structure,FALSE
Denaturation of protein is characterized by: Loss of secondary structure,TRUE
Denaturation of protein is characterized by: Loss of tertiary structure,TRUE
Denaturation of protein is characterized by: Unfolding of polypeptide chain,TRUE
Examples of colloids are: lipoprotein,TRUE
Examples of colloids are: glucose,FALSE
Examples of colloids are: amino acid,FALSE
Examples of colloids are: enzyme,TRUE
Examples of colloids are: co-enzyme,FALSE
pH of a buffer solution: Is the negative logarithm of proton ion concentration,TRUE
pH of a buffer solution: Is the negative logarithm of dissociation constant,FALSE
pH of a buffer solution: Depends on only concentration of salt,FALSE
pH of a buffer solution: Depends on only concentration of salt & acid,FALSE
pH of a buffer solution: Is equivalent to pK,FALSE
Isotopes: Are the atoms of same element,TRUE
Isotopes: Are the atom having same proton number,TRUE
Isotopes: Atomic weight are different,TRUE
Isotopes: All have definite stable state,FALSE
Isotopes: Radioactivity of it can be used as therapeutic tool,TRUE
Crystalloids are: Non-dialyzable,FALSE
Crystalloids are: Can pass through semi-permeable membrane,FALSE
Crystalloids are: Diameter < 1nm,TRUE
Crystalloids are: Having molecular movement,TRUE
Crystalloids are: Having osmotic pressure higher than colloid,FALSE
pK: Indicates strength of an acid,TRUE
pK: Reflects the pH of a solution,FALSE
pK: Is a measure of buffering capacity,TRUE
pK: Of HCO3/H2CO3 buffer is 6.1,TRUE
pK: Is none of above,FALSE
Which of the following statement are true: Law of mass action can be deduced from H-H equation,FALSE
"Which of the following statement are true: In donnan membrane equilibrium, there is unequal distribution of non-diffusible ion (F)",FALSE
Which of the following statement are true: Donnan effect is greatly influenced by nespiratory activity,FALSE
Which of the following statement are true: There must be reversible reaction in law of mass action,TRUE
Which of the following statement are true: Donnan effect needs no constant temperature.,FALSE
Osmosis: Needs a semi-permeable membrane,TRUE
Osmosis: Only solute particle can cross the membrane,FALSE
Osmosis: Is of great importance in reducing cerebral edema,TRUE
Osmosis: Depends upon temperature,FALSE
Osmosis: Only solvent particle can cross the membrane,FALSE
Simple diffusion of a substance: Can occur against a concentration gradient,FALSE
Simple diffusion of a substance: Can occur against a electrochemical gradient,FALSE
Simple diffusion of a substance: Directly proportional to the temperature of solute molecule,TRUE
Simple diffusion of a substance: Shows saturation properties,TRUE
Simple diffusion of a substance: Inverselyproportional to the solubility of the solute,FALSE
Carrier mediated transport helps to: maintain cell volume,TRUE
Carrier mediated transport helps to: regulate cytosolic Ca++,FALSE
Carrier mediated transport helps to: maintain electrical potential,TRUE
Carrier mediated transport helps to: cellular uptake of blood glucose,TRUE
Carrier mediated transport helps to: movement of K+ out of a cell,FALSE
Examples of colloid: enzymes,TRUE
Examples of colloid: coenzymes,FALSE
Examples of colloid: glucose,FALSE
Examples of colloid: albumin,TRUE
Examples of colloid: cholesterol,TRUE
Osmosis: Needs a semi-permeable membrane,TRUE
Osmosis: Only the solutes cross the membrane,FALSE
Osmosis: Each solute & solvent cross the membrane,FALSE
Osmosis: Depends on concentration of solvent,FALSE
Osmosis: Depends upon a temperature,FALSE
pK: Indicates strength of an acid,TRUE
pK: Reflects the pH of a solution,FALSE
pK: Is a measure of buffering capacity,TRUE
pK: Of HCO3/H2CO3 buffer is 6.1,TRUE
pK: Is none of above,FALSE
Henderson: blood,TRUE
Henderson: gastric juice,FALSE
Henderson: urine,FALSE
Henderson: unknown acid solution,FALSE
Henderson: unknown buffer solution,TRUE
pH: is negative log of [H+],TRUE
pH: of blood is 7.25-7.45,FALSE
pH: is maintained by blood buffers only,FALSE
pH: of urine is 7.0-8.0,FALSE
pH: 5 indicates [H+] 10^-5mmol/L,FALSE
The following statements are true for pH: Negative logarithm of [OH],FALSE
The following statements are true for pH: Negative logarithm of [H+],TRUE
"The following statements are true for pH: If pH of a solution is 7, then pOH = 9 ",FALSE
"The following statements are true for pH: If pH = 7, then [H+]=0.0001 mmol/L ",TRUE
The following statements are true for pH: Addition of NaCl in a solution will increase pH,FALSE
Buffers: are mixtures of weak acids and their conjugate bases,TRUE
Buffers: potent plasma buffer is phosphate buffer,TRUE
Buffers: power depends upon pK value,TRUE
Buffers: bicarbonate buffer designated by HCO3/H2CO3,TRUE
Buffers: potent renal buffer is bicarbonate buffer,TRUE
Buffers: are mixtures of strong and weak acids with their salts,FALSE
Buffers: ECF buffer is the most potent buffer in converts strong acids to weak acids,FALSE
Buffers: converts bases/alkali to salts and H2O,TRUE
Buffers: buffer action is maximum when pH = pK,TRUE
"Buffers: The using of phosphate buffer, the smaller the pK value, the greater the pH change by indicators ",TRUE
Regarding buffers: pK value of phosphate buffer is 9.8,FALSE
Regarding buffers: Are used for determining pH by indicators,TRUE
"Regarding buffers: The smaller the pH change, the smaller the buffering capacity ",FALSE
Regarding buffers: The principal buffer in RBC is Hb Buffer,TRUE
Regarding buffers: Plasma protein is the commonest buffer in human body.,TRUE
Principal ICF buffers are: Bicarbonate,FALSE
Principal ICF buffers are: Phosphate,TRUE
Principal ICF buffers are: Haemoglobin,TRUE
Principal ICF buffers are: Protein,TRUE
Principal ICF buffers are: Ammonia,FALSE
Isotopes: Have same atomic mass but different atomic number,FALSE
Isotopes: May be often radio-active,TRUE
Isotopes: Have diagnostic and therapeutic use in thyroid diseases,TRUE
Isotopes: 131I is used in determination of RBC life span,TRUE
Isotopes: 32P is used in detection of antibody,TRUE
Normal saline: Is hypertonic in relation to plasma,FALSE
Normal saline: Is 0.9% NaCl solution,TRUE
Normal saline: Is 0.9% KCl solution,FALSE
Normal saline: Is isotonic in relation to plasma,TRUE
Normal saline: Means normal solution,FALSE
A solution is called normal when: 100 ml,FALSE
A solution is called normal when: 1 gm equivalent weight of solute is dissolved in 1000ml,TRUE
A solution is called normal when: Composition is water and NaCl (0.9%),FALSE
A solution is called normal when: Its tonicity is equivalent to that of plasma,FALSE
A solution is called normal when: Its pH is equivalent to that of plasma,FALSE
Substances that enter cells by simple diffusion are: glucose,FALSE
Substances that enter cells by simple diffusion are: oxygen,TRUE
Substances that enter cells by simple diffusion are: carbon dioxide,TRUE
Substances that enter cells by simple diffusion are: amino acid,FALSE
Substances that enter cells by simple diffusion are: nitrogen,TRUE
Isotopes: are atoms of same element,TRUE
Isotopes: have different atomic weight,TRUE
Isotopes: have same number of neutron,FALSE
Isotopes: cannot be synthesized artificially,FALSE
Isotopes: can be used as a radiotracer,TRUE
Common crystalloids of plasma are: Glucose,TRUE
Common crystalloids of plasma are: Amino acid,TRUE
Common crystalloids of plasma are: Fibrinogen,FALSE
Common crystalloids of plasma are: Sodium,TRUE
Common crystalloids of plasma are: can be used as a radiotracer,FALSE
Colloid osmotic pressure determines: Fluid exchange between vascular & extravascular compartments,TRUE
Colloid osmotic pressure determines: Fluid exchange between ICF & ECF,TRUE
Colloid osmotic pressure determines: Gaseous exchange in alveoli,FALSE
Colloid osmotic pressure determines: Fluid exchange in capillary bed,TRUE
Colloid osmotic pressure determines: Net filtration pressure in glomeruli,TRUE
Buffers: Are mixture of weak acids and their conjugate bases,TRUE
Buffers: converts weak acid to strong acids,FALSE
Buffers: converts weak base to strong base,FALSE
Buffers: potent renal buffer is bicarbonate buffer,TRUE
Buffers: potent blood buffer is phosphate buffer,FALSE
Criteria of active transport: Energy dependent,TRUE
Criteria of active transport: Occurs always against electrochemical gradient,TRUE
Criteria of active transport: not always need carrier protein,FALSE
Criteria of active transport: need ATP,TRUE
Criteria of active transport: Occur down the concentration gradient,FALSE
Essential amino acids are: Leucine,TRUE
Essential amino acids are: Valine,TRUE
Essential amino acids are: Glycine,FALSE
Essential amino acids are: Methionine,TRUE
Essential amino acids are: Glutamine,FALSE
Peptide bonds are not broken by: Handling,TRUE
Peptide bonds are not broken by: Normal heating,TRUE
Peptide bonds are not broken by: High concentration of urea,TRUE
Peptide bonds are not broken by: Prolonged exposure to strong acid,TRUE
Peptide bonds are not broken by: Elastase,FALSE
TG rich lipoproteins are: Chylomicrons,TRUE
TG rich lipoproteins are: LDL,FALSE
TG rich lipoproteins are: VLDL,TRUE
TG rich lipoproteins are: HDL,FALSE
TG rich lipoproteins are: IDL,FALSE
Cellulose: Is a long chain oligosaccharide,FALSE
Cellulose: Is not digested in human,TRUE
Cellulose: Contains α-D glucose,FALSE
Cellulose: Is capable to produce energy,FALSE
Cellulose: Is a highly branched carbohydrate,FALSE
Essential fatty acids: Are mono-unsaturated fatty acids,FALSE
Essential fatty acids: When oxidized may result in rancidification,TRUE
Essential fatty acids: Are also constituents of the cell membrane,TRUE
Essential fatty acids: Are present in vegetable oils,TRUE
Essential fatty acids: Have higher melting temp. Tm,FALSE
Glycosaminoglycans: Homopolysaccharides,FALSE
Glycosaminoglycans: Act as a stored fuel,FALSE
Glycosaminoglycans: Are complex carbohydrate,TRUE
Glycosaminoglycans: Contain amino sugar and uronic acid,TRUE
Glycosaminoglycans: Act as a lubricants,TRUE
Essential fatty acids: Must be supplemented in the diet,TRUE
Essential fatty acids: Can be synthesized in the body,FALSE
Essential fatty acids: Undergoes β-oxidation,FALSE
Essential fatty acids: Are found in plant oils,TRUE
Essential fatty acids: Increase blood cholesterol,FALSE
Storage protein includes: Haemoglobin,FALSE
Storage protein includes: Albumin,FALSE
Storage protein includes: Transferrin,FALSE
Storage protein includes: Ferritin,TRUE
Storage protein includes: Myoglobin,FALSE
Triacylglycerol rich lipoproteins are: Chylomicrons,TRUE
Triacylglycerol rich lipoproteins are: LDL,FALSE
Triacylglycerol rich lipoproteins are: VLDL,TRUE
Triacylglycerol rich lipoproteins are: HDL,FALSE
Triacylglycerol rich lipoproteins are: IDL,FALSE
Polyunsaturated fatty acids include: Linoleic acid,TRUE
Polyunsaturated fatty acids include: Linolenic acid,TRUE
Polyunsaturated fatty acids include: Oleic acid,FALSE
Polyunsaturated fatty acids include: Palmitic acid,FALSE
Polyunsaturated fatty acids include: Ketoacid,FALSE
Following substances are polymer: Protein,TRUE
Following substances are polymer: Glycogen,TRUE
Following substances are polymer: Lipid,FALSE
Following substances are polymer: Starch,TRUE
Following substances are polymer: Glycosides,FALSE
Following are complex carbohydrates: Keratin sulphate,TRUE
Following are complex carbohydrates: Dextrin,FALSE
Following are complex carbohydrates: Hyaluronic acid,TRUE
Following are complex carbohydrates: Heparin,TRUE
Following are complex carbohydrates: Amylopectin,FALSE
Which statement is true regarding lipoproteins: Chylomicron is richest in TAG,TRUE
Which statement is true regarding lipoproteins: Cholesterol is higher in HDL,FALSE
Which statement is true regarding lipoproteins: VLDL is produced in liver,TRUE
Which statement is true regarding lipoproteins: The density of VLDL is the lowest,TRUE
Which statement is true regarding lipoproteins: HDL carries cholesterol from periphery to liver,FALSE
Proteins with no quaternary structure are: CKMB,FALSE
Proteins with no quaternary structure are: Myoglobin,TRUE
Proteins with no quaternary structure are: Immunoglobulin,FALSE
Proteins with no quaternary structure are: Haemoglobin,FALSE
Proteins with no quaternary structure are: Albumin,TRUE
Cholesterol is: A compound lipid,FALSE
Cholesterol is: Present in body as cholesteryl ester,TRUE
Cholesterol is: Eliminated from the body as bile salt,TRUE
Cholesterol is: A precursor of vitamin A,FALSE
Cholesterol is: A sterol,TRUE
Lipoproteins are formed by: Free Cholesterol,FALSE
Lipoproteins are formed by: Triacylglycerol,TRUE
Lipoproteins are formed by: Phospholipids,TRUE
Lipoproteins are formed by: Glycolipids,FALSE
Lipoproteins are formed by: Conjugated protein,FALSE
Polyunsaturated fatty acids include: Linoleic acid,TRUE
Polyunsaturated fatty acids include: Linolenic acid,TRUE
Polyunsaturated fatty acids include: Oleic acid,FALSE
Polyunsaturated fatty acids include: Palmitic acid,FALSE
Polyunsaturated fatty acids include: Ketoacid,FALSE
Following substances are polymer: Protein,TRUE
Following substances are polymer: Glycogen,TRUE
Following substances are polymer: Lipid,FALSE
Following substances are polymer: Starch,TRUE
Following substances are polymer: Glycosides,FALSE
Following are complex carbohydrates: Keratin sulphate,TRUE
Following are complex carbohydrates: Dextrin,FALSE
Following are complex carbohydrates: Hyaluronic acid,TRUE
Following are complex carbohydrates: Heparin,TRUE
Following are complex carbohydrates: Amylopectin,FALSE
Which statement is true regarding lipoproteins: Chylomicron is richest in TAG,TRUE
Which statement is true regarding lipoproteins: Cholesterol is higher in HDL,FALSE
Which statement is true regarding lipoproteins: VLDL is produced in liver,TRUE
Which statement is true regarding lipoproteins: The density of VLDL is the lowest,TRUE
Which statement is true regarding lipoproteins: HDL carries cholesterol from periphery to liver,FALSE
Proteins with no quaternary structure are: CKMB,FALSE
Proteins with no quaternary structure are: Myoglobin,TRUE
Proteins with no quaternary structure are: Immunoglobulin,FALSE
Proteins with no quaternary structure are: Haemoglobin,FALSE
Proteins with no quaternary structure are: Albumin,TRUE
Triacylglycerol rich lipoproteins are: Chylomicrons,TRUE
Triacylglycerol rich lipoproteins are: LDL,FALSE
Triacylglycerol rich lipoproteins are: VLDL,TRUE
Triacylglycerol rich lipoproteins are: HDL,FALSE
Triacylglycerol rich lipoproteins are: IDL,FALSE
Essential amino acids are: Leucine,TRUE
Essential amino acids are: Valine,TRUE
Essential amino acids are: Glycine,FALSE
Essential amino acids are: Methionine,TRUE
Essential amino acids are: Glutamine,FALSE
Peptide bonds are not broken by: Handling,TRUE
Peptide bonds are not broken by: Normal heating,TRUE
Peptide bonds are not broken by: High concentration of urea,TRUE
Peptide bonds are not broken by: Prolonged exposure to strong acid,TRUE
Peptide bonds are not broken by: Elastase,FALSE
TG rich lipoproteins are: Chylomicrons,TRUE
TG rich lipoproteins are: LDL,FALSE
TG rich lipoproteins are: VLDL,TRUE
TG rich lipoproteins are: HDL,FALSE
TG rich lipoproteins are: IDL,FALSE
Cellulose: Is a long chain oligosaccharide,FALSE
Cellulose: Is not digested in human,TRUE
Cellulose: Contains α-D glucose,FALSE
Cellulose: Is capable to produce energy,FALSE
Cellulose: Is a highly branched carbohydrate,FALSE
Essential fatty acids: Are mono-unsaturated fatty acids,FALSE
Essential fatty acids: When oxidized may result in rancidification,TRUE
Essential fatty acids: Are also constituents of the cell membrane,TRUE
Essential fatty acids: Are present in vegetable oils,TRUE
Essential fatty acids: Have higher melting temp.,FALSE
Glycosaminoglycans: Homopolysaccharides,FALSE
Glycosaminoglycans: Act as a stored fuel,FALSE
Glycosaminoglycans: Are complex carbohydrate,TRUE
Glycosaminoglycans: Contain amino sugar and uronic acid,TRUE
Glycosaminoglycans: Act as a lubricants,TRUE
Essential fatty acids: Must be supplemented in the diet,TRUE
Essential fatty acids: Can be synthesized in the body,FALSE
Essential fatty acids: Undergoes β-oxidation,FALSE
Essential fatty acids: Are found in plant oils,TRUE
Essential fatty acids: Increase blood cholesterol,FALSE
Storage protein includes: Haemoglobin,FALSE
Storage protein includes: Albumin,FALSE
Storage protein includes: Transferrin,FALSE
Storage protein includes: Ferritin,TRUE
Storage protein includes: Myoglobin,FALSE
Triacylglycerol rich lipoproteins are: Chylomicrons,TRUE
Triacylglycerol rich lipoproteins are: LDL,FALSE
Triacylglycerol rich lipoproteins are: VLDL,TRUE
Triacylglycerol rich lipoproteins are: HDL,FALSE
Triacylglycerol rich lipoproteins are: IDL,FALSE
Polyunsaturated fatty acids include: Linoleic acid,TRUE
Polyunsaturated fatty acids include: Linolenic acid,TRUE
Polyunsaturated fatty acids include: Oleic acid,FALSE
Polyunsaturated fatty acids include: Palmitic acid,FALSE
Polyunsaturated fatty acids include: Ketoacid,FALSE
Following substances are polymer: Protein,TRUE
Following substances are polymer: Glycogen,TRUE
Following substances are polymer: Lipid,FALSE
Following substances are polymer: Starch,TRUE
Following substances are polymer: Glycosides,FALSE
Following are complex carbohydrates: Keratin sulphate,TRUE
Following are complex carbohydrates: Dextrin,FALSE
Following are complex carbohydrates: Hyaluronic acid,TRUE
Following are complex carbohydrates: Heparin,TRUE
Following are complex carbohydrates: Amylopectin,FALSE
Which statement is true regarding lipoproteins: Chylomicron is richest in TAG,TRUE
Which statement is true regarding lipoproteins: Cholesterol is higher in HDL,FALSE
Which statement is true regarding lipoproteins: VLDL is produced in liver,TRUE
Which statement is true regarding lipoproteins: The density of VLDL is the lowest,TRUE
Which statement is true regarding lipoproteins: HDL carries cholesterol from periphery to liver,FALSE
Proteins with no quaternary structure are: CKMB,FALSE
Proteins with no quaternary structure are: Myoglobin,TRUE
Proteins with no quaternary structure are: Immunoglobulin,FALSE
Proteins with no quaternary structure are: Haemoglobin,FALSE
Proteins with no quaternary structure are: Albumin,TRUE
Cholesterol is: A compound lipid,FALSE
Cholesterol is: Present in body as cholesteryl ester,TRUE
Cholesterol is: Eliminated from the body as bile salt,TRUE
Cholesterol is: A precursor of vitamin A,FALSE
Cholesterol is: A sterol,TRUE
Lipoproteins are formed by: Free Cholesterol,FALSE
Lipoproteins are formed by: Triacylglycerol,TRUE
Lipoproteins are formed by: Phospholipids,TRUE
Lipoproteins are formed by: Glycolipids,FALSE
Lipoproteins are formed by: Conjugated protein,FALSE
Polyunsaturated fatty acids include: Linoleic acid,TRUE
Polyunsaturated fatty acids include: Linolenic acid,TRUE
Polyunsaturated fatty acids include: Oleic acid,FALSE
Polyunsaturated fatty acids include: Palmitic acid,FALSE
Polyunsaturated fatty acids include: Ketoacid,FALSE
Following substances are polymer: Protein,TRUE
Following substances are polymer: Glycogen,TRUE
Following substances are polymer: Lipid,FALSE
Following substances are polymer: Starch,TRUE
Following substances are polymer: Glycosides,FALSE
Following are complex carbohydrates: Keratin sulphate,TRUE
Following are complex carbohydrates: Dextrin,FALSE
Following are complex carbohydrates: Hyaluronic acid,TRUE
Following are complex carbohydrates: Heparin,TRUE
Following are complex carbohydrates: Amylopectin,FALSE
Which statement is true regarding lipoproteins: Chylomicron is richest in TAG,TRUE
Which statement is true regarding lipoproteins: Cholesterol is higher in HDL,FALSE
Which statement is true regarding lipoproteins: VLDL is produced in liver,TRUE
Which statement is true regarding lipoproteins: The density of VLDL is the lowest,TRUE
Which statement is true regarding lipoproteins: HDL carries cholesterol from periphery to liver,FALSE
Proteins with no quaternary structure are: CKMB,FALSE
Proteins with no quaternary structure are: Myoglobin,TRUE
Proteins with no quaternary structure are: Immunoglobulin,FALSE
Proteins with no quaternary structure are: Haemoglobin,FALSE
Proteins with no quaternary structure are: Albumin,TRUE
Triacylglycerol rich lipoproteins are: Chylomicrons,TRUE
Triacylglycerol rich lipoproteins are: LDL,FALSE
Triacylglycerol rich lipoproteins are: VLDL,TRUE
Triacylglycerol rich lipoproteins are: HDL,FALSE
Triacylglycerol rich lipoproteins are: IDL,FALSE
TG rich lipoproteins are: VLDL,TRUE
TG rich lipoproteins are: LDL,FALSE
TG rich lipoproteins are: HDL,FALSE
TG rich lipoproteins are: Chylomicrons,TRUE
TG rich lipoproteins are: Lipoprotein (a),FALSE
Glycogen is: A polymer of glucose,TRUE
Glycogen is: Highly branched,TRUE
Glycogen is: A stored CHO,TRUE
Glycogen is: Present in plants,FALSE
Glycogen is: Present in liver and kidney,FALSE
Eicosanoids are: Synthesized in liver,FALSE
Eicosanoids are: Synthesized from arachidonic acid,TRUE
Eicosanoids are: Synthesized from phospholipid,TRUE
Eicosanoids are: Prostaglandins,TRUE
Eicosanoids are: Thromboxanes,TRUE
Essential fatty acids are: Polyunsaturated fatty acids,TRUE
Essential fatty acids are: Synthesized in the body,FALSE
Essential fatty acids are: Cholesterol lowering agents,TRUE
Essential fatty acids are: Present in cell membrane,TRUE
Essential fatty acids are: Present in Hilsa fish,FALSE
Denaturation of protein: Is caused by heat,TRUE
Denaturation of protein: Losses its primary structure,FALSE
Denaturation of protein: Preserves its biological action,FALSE
Denaturation of protein: Occurs during cooking,TRUE
Denaturation of protein: Losses its quaternary structure,TRUE
Cholesterol: Is a derived lipid,TRUE
Cholesterol: Is precursor of calcitriol,TRUE
Cholesterol: Is excreted through bile,TRUE
Cholesterol: Acts as precursor of fatty acids synthesis,FALSE
Cholesterol: Is not needed in diet,FALSE
Eicosanoids have following functions: Act like hormone,TRUE
Eicosanoids have following functions: PGs rise blood pressure,FALSE
Eicosanoids have following functions: TXA2 inhibits platelet aggregation,FALSE
Eicosanoids have following functions: PGI₂ stimulates vasoconstriction,FALSE
Eicosanoids have following functions: Leukotrienes have chemotactic proparties,TRUE
Ribose sugar is: A non-reducing sugar,FALSE
Ribose sugar is: Synthesized naturally in the body,TRUE
Ribose sugar is: Found with phosphate,TRUE
Ribose sugar is: A part of glycosaminoglycans,FALSE
Ribose sugar is: Derived from HMP shunt pathway,TRUE
Mucopolysaccharides: Are homopolysaccharide,FALSE
Mucopolysaccharides: Have no ability to bind H₂O,FALSE
Mucopolysaccharides: Have viscus lubricating properties,TRUE
Mucopolysaccharides: Are negatively charged,TRUE
Mucopolysaccharides: Have role in cell signaling,FALSE
Denaturation of protein: Means disruption of the peptide bond,FALSE
Denaturation of protein: Causes disruption of a-helix and ß-sheet,TRUE
Denaturation of protein: Is a reversible process,FALSE
Denaturation of protein: Is strong enough to break the H-bond of protein,TRUE
Denaturation of protein: Is not affected by non-polar hydrophobic interactions,FALSE
Fatty acids: Contain a hydrocarbon chain,TRUE
Fatty acids: Never remain without esterification,FALSE
Fatty acids: Are carried by albumin,TRUE
Fatty acids: Are key building block of lipid,TRUE
Fatty acids: Oxidation occurs in the cytoplasm,FALSE
The followings are heteropolysaccharide: Insulin,FALSE
The followings are heteropolysaccharide: Heparin,TRUE
The followings are heteropolysaccharide: Dextrin,FALSE
The followings are heteropolysaccharide: Hyaluronic acid,TRUE
The followings are heteropolysaccharide: Cellulose,FALSE
Neutral fats are: Heavier than water,TRUE
Neutral fats are: Components of biomembranes,FALSE
Neutral fats are: Major fats in adipose tissue,FALSE
Neutral fats are: Composed of fatty acid & glycerol,TRUE
Neutral fats are: Oxidized to give energy,TRUE
Primary structure of protein is broken by: Heat,TRUE
Primary structure of protein is broken by: Ammonium sulfate,FALSE
Primary structure of protein is broken by: Elastase,FALSE
Primary structure of protein is broken by: High pH,TRUE
Primary structure of protein is broken by: Pepsin,FALSE
At iso: Maximum net charge,FALSE
At iso: Maximum mobility in electric field,FALSE
At iso: Maximum precipitability,TRUE
At iso: Minimum buffering action,FALSE
At iso: No migration in electric field,FALSE
Following substances are biopolymer: Protein,TRUE
Following substances are biopolymer: DNA,TRUE
Following substances are biopolymer: RNA,TRUE
Following substances are biopolymer: Cellulose,FALSE
Following substances are biopolymer: Insulin,TRUE
Quaternary structure of protein present in: Collagen,FALSE
Quaternary structure of protein present in: Elastin,FALSE
Quaternary structure of protein present in: Myosin,FALSE
Quaternary structure of protein present in: Hemoglobin,TRUE
Quaternary structure of protein present in: Insulin,FALSE
Mucopolysaccharides are: Hyaluronic acid,TRUE
Mucopolysaccharides are: Chondroitin sulphate,TRUE
Mucopolysaccharides are: Sialic acid,FALSE
Mucopolysaccharides are: Heparin,TRUE
Mucopolysaccharides are: Gangliosides,FALSE
Essential fatty acid found in: Vegetable oil,TRUE
Essential fatty acid found in: Coconut oil,FALSE
Essential fatty acid found in: Animal oil,FALSE
Essential fatty acid found in: Fish oil,FALSE
Essential fatty acid found in: Palm oil,TRUE
Steroid nucleus found in: Aldosterone,TRUE
Steroid nucleus found in: Testosterone,TRUE
Steroid nucleus found in: Progesterone,TRUE
Steroid nucleus found in: Prostanoids,FALSE
Steroid nucleus found in: Surfactant,FALSE
Plasma protein concern with: Acid base balance,TRUE
Plasma protein concern with: Colloidal osmotic pressure,TRUE
Plasma protein concern with: Humoral immunity,TRUE
Plasma protein concern with: Lipoprotein transport,FALSE
Plasma protein concern with: Catalytic activity,FALSE
Following are non: Glucose,FALSE
Following are non: Galactose,FALSE
Following are non: Sucrose,TRUE
Following are non: Fructose,FALSE
Following are non: Lactose,FALSE
Cholesterol is the precursor of: Bile acid,TRUE
Cholesterol is the precursor of: Bile pigment,FALSE
Cholesterol is the precursor of: Vitamin D,TRUE
Cholesterol is the precursor of: Sex hormones,TRUE
Cholesterol is the precursor of: Eicosanoids,FALSE
Plasma proteins include: Albumin,TRUE
Plasma proteins include: Globulin,TRUE
Plasma proteins include: Fibrinogen,TRUE
Plasma proteins include: Hemoglobin,FALSE
Plasma proteins include: myoglohin,FALSE
Quaternary structure of protein present in: Collagen,FALSE
Quaternary structure of protein present in: Elastin,FALSE
Quaternary structure of protein present in: Myosin,FALSE
Quaternary structure of protein present in: Hemoglobin,TRUE
Quaternary structure of protein present in: Insulin,FALSE
Mucopolysaccharides are: Hyaluronic acid,TRUE
Mucopolysaccharides are: Chondroitin sulphate,TRUE
Mucopolysaccharides are: Sialic acid,FALSE
Mucopolysaccharides are: Heparin,TRUE
Mucopolysaccharides are: Gangliosides,FALSE
Essential fatty acid found in: Vegetable oil,TRUE
Essential fatty acid found in: Coconut oil,FALSE
Essential fatty acid found in: Animal oil,FALSE
Essential fatty acid found in: Fish oil,FALSE
Essential fatty acid found in: Palm oil,TRUE
Steroid nucleus found in: Aldosterone,TRUE
Steroid nucleus found in: Testosterone,TRUE
Steroid nucleus found in: Progesterone,TRUE
Steroid nucleus found in: Prostanoids,FALSE
Steroid nucleus found in: Surfactant,FALSE
Plasma protein concern with: Acid base balance,TRUE
Plasma protein concern with: Colloidal osmotic pressure,TRUE
Plasma protein concern with: Humoral immunity,TRUE
Plasma protein concern with: Lipoprotein transport,FALSE
Plasma protein concern with: Catalytic activity,FALSE
Following are non: Glucose,FALSE
Following are non: Galactose,FALSE
Following are non: Sucrose,TRUE
Following are non: Fructose,FALSE
Following are non: Lactose,FALSE
Cholesterol is the precursor of: Bile acid,TRUE
Cholesterol is the precursor of: Bile pigment,FALSE
Cholesterol is the precursor of: Vitamin D,TRUE
Cholesterol is the precursor of: Sex hormones,TRUE
Cholesterol is the precursor of: Eicosanoids,FALSE
Plasma proteins include: Albumin,TRUE
Plasma proteins include: Globulin,TRUE
Plasma proteins include: Fibrinogen,TRUE
Plasma proteins include: Hemoglobin,FALSE
Plasma proteins include: myoglohin,FALSE
Quaternary structure of protein present in: Collagen,FALSE
Quaternary structure of protein present in: Elastin,FALSE
Quaternary structure of protein present in: Myosin,FALSE
Quaternary structure of protein present in: Hemoglobin,TRUE
Quaternary structure of protein present in: Insulin,FALSE
Mucopolysaccharides are: Hyaluronic acid,TRUE
Mucopolysaccharides are: Chondroitin sulphate,TRUE
Mucopolysaccharides are: Sialic acid,FALSE
Mucopolysaccharides are: Heparin,TRUE
Mucopolysaccharides are: Gangliosides,FALSE
Essential fatty acid found in: Vegetable oil,TRUE
Essential fatty acid found in: Coconut oil,FALSE
Essential fatty acid found in: Animal oil,FALSE
Essential fatty acid found in: Fish oil,FALSE
Essential fatty acid found in: Palm oil,TRUE
Steroid nucleus found in: Aldosterone,TRUE
Steroid nucleus found in: Testosterone,TRUE
Steroid nucleus found in: Progesterone,TRUE
Steroid nucleus found in: Prostanoids,FALSE
Steroid nucleus found in: Surfactant,FALSE
Plasma protein concern with: Acid base balance,TRUE
Plasma protein concern with: Colloidal osmotic pressure,TRUE
Plasma protein concern with: Humoral immunity,TRUE
Plasma protein concern with: Lipoprotein transport,FALSE
Plasma protein concern with: Catalytic activity,FALSE
Following are non: Glucose,FALSE
Following are non: Galactose,FALSE
Following are non: Sucrose,TRUE
Following are non: Fructose,FALSE
Following are non: Lactose,FALSE
Cholesterol is the precursor of: Bile acid,TRUE
Cholesterol is the precursor of: Bile pigment,FALSE
Cholesterol is the precursor of: Vitamin D,TRUE
Cholesterol is the precursor of: Sex hormones,TRUE
Cholesterol is the precursor of: Eicosanoids,FALSE
Plasma proteins include: Albumin,TRUE
Plasma proteins include: Globulin,TRUE
Plasma proteins include: Fibrinogen,TRUE
Plasma proteins include: Hemoglobin,FALSE
Plasma proteins include: myoglohin,FALSE
Quaternary structure of protein present in: Collagen,FALSE
Quaternary structure of protein present in: Elastin,FALSE
Quaternary structure of protein present in: Myosin,FALSE
Quaternary structure of protein present in: Hemoglobin,TRUE
Quaternary structure of protein present in: Insulin,FALSE
Mucopolysaccharides are: Hyaluronic acid,TRUE
Mucopolysaccharides are: Chondroitin sulphate,TRUE
Mucopolysaccharides are: Sialic acid,FALSE
Mucopolysaccharides are: Heparin,TRUE
Mucopolysaccharides are: Gangliosides,FALSE
Essential fatty acid found in: Vegetable oil,TRUE
Essential fatty acid found in: Coconut oil,FALSE
Essential fatty acid found in: Animal oil,FALSE
Essential fatty acid found in: Fish oil,FALSE
Essential fatty acid found in: Palm oil,TRUE
Steroid nucleus found in: Aldosterone,TRUE
Steroid nucleus found in: Testosterone,TRUE
Steroid nucleus found in: Progesterone,TRUE
Steroid nucleus found in: Prostanoids,FALSE
Steroid nucleus found in: Surfactant,FALSE
Plasma protein concern with: Acid base balance,TRUE
Plasma protein concern with: Colloidal osmotic pressure,TRUE
Plasma protein concern with: Humoral immunity,TRUE
Plasma protein concern with: Lipoprotein transport,FALSE
Plasma protein concern with: Catalytic activity,FALSE
Following are non: Glucose,FALSE
Following are non: Galactose,FALSE
Following are non: Sucrose,TRUE
Following are non: Fructose,FALSE
Following are non: Lactose,FALSE
Cholesterol is the precursor of: Bile acid,TRUE
Cholesterol is the precursor of: Bile pigment,FALSE
Cholesterol is the precursor of: Vitamin D,TRUE
Cholesterol is the precursor of: Sex hormones,TRUE
Cholesterol is the precursor of: Eicosanoids,FALSE
Plasma proteins include: Albumin,TRUE
Plasma proteins include: Globulin,TRUE
Plasma proteins include: Fibrinogen,TRUE
Plasma proteins include: Hemoglobin,FALSE
Plasma proteins include: myoglohin,FALSE
Dietary sources of linoleic acids are: Red meat,FALSE
Dietary sources of linoleic acids are: Butter,FALSE
Dietary sources of linoleic acids are: Soya bean oil,TRUE
Dietary sources of linoleic acids are: Peanut,TRUE
Dietary sources of linoleic acids are: Egg yolk,FALSE
Lactose known as: Milk sugar,TRUE
Lactose known as: Show mutarotation,FALSE
Lactose known as: Non-reducing sugar,FALSE
Lactose known as: Levo rotator,FALSE
Lactose known as: Composed of D-glucose,TRUE
Regarding lipoprotein: HDL is rich in TG,FALSE
Regarding lipoprotein: VLDL synthesized in intestine,FALSE
Regarding lipoprotein: LDL synthesized in liver,FALSE
Regarding lipoprotein: Apo-A II activates LCAT,TRUE
Regarding lipoprotein: Apo-B 100 present in chylomicron,FALSE
Dietary sources of linoleic acids are: Red meat,FALSE
Dietary sources of linoleic acids are: Butter,FALSE
Dietary sources of linoleic acids are: Soya bean oil,TRUE
Dietary sources of linoleic acids are: Peanut,TRUE
Dietary sources of linoleic acids are: Egg yolk,FALSE
Followings are hexoses: Glucose,TRUE
Followings are hexoses: Galactose,TRUE
Followings are hexoses: Fructose,TRUE
Followings are hexoses: Glycerose,FALSE
Followings are hexoses: Ribose,FALSE
Lipoproteins are formed by: Triacylglycerol,TRUE
Lipoproteins are formed by: Free fatty acid,FALSE
Lipoproteins are formed by: Mucopolysaccharide,FALSE
Lipoproteins are formed by: Sulpholipid,FALSE
Lipoproteins are formed by: Phospholipid,TRUE
LDL: is synthesized from chylomicron,FALSE
LDL: is a maker on atherosclerosis risk,TRUE
LDL: carries cholesterol from periphery to liver,FALSE
LDL: is a triglyceride rich lipoprotein,FALSE
LDL: is derived from VLDL,TRUE
Denaturation of protein: Includes hydrolysis of the bond,TRUE
Denaturation of protein: Includes unfolding of the protein structure,TRUE
Denaturation of protein: Is not related with extreme pH and temperature,FALSE
Denaturation of protein: Is not a reversible process,TRUE
Denaturation of protein: Is a disruption of primary sequence of amino acid,FALSE
Transport proteins include: Lipoprotein,TRUE
Transport proteins include: Hemoglobin,FALSE
Transport proteins include: Ferritin,FALSE
Transport proteins include: Actin,FALSE
Transport proteins include: Albumin,TRUE
Regarding proteins: they contain nitrogenous base,TRUE
Regarding proteins: they are polymer of a-amino acid,TRUE
Regarding proteins: in its simple form it contains only amino acid,FALSE
Regarding proteins: prosthetic group is present in its conjugated form,TRUE
Regarding proteins: on denaturation peptide bond is hydrolyzed,FALSE
Cellulose is: heteropolysaccharide,FALSE
Cellulose is: unbranched chain of glucose,FALSE
"Cellulose is: linked by ß-1, 6 linkage ",FALSE
Cellulose is: digested by cellulose enzyme,TRUE
Cellulose is: obstacle for zinc absorption,TRUE
Lipoproteins that transport TG to the tissue are: LDL,FALSE
Lipoproteins that transport TG to the tissue are: VLDL,TRUE
Lipoproteins that transport TG to the tissue are: chylomicron,TRUE
Lipoproteins that transport TG to the tissue are: HDL,FALSE
Lipoproteins that transport TG to the tissue are: IDL,FALSE
Regarding lipoprotein: Chylomicron carries endogenous TG,FALSE
Regarding lipoprotein: HDL is synthesized and secreted by liver,TRUE
Regarding lipoprotein: VLDL carries exogenous TG,FALSE
Regarding lipoprotein: cholesterol is predominant in LDL,TRUE
Regarding lipoprotein: LDL is synthesized in circulation,FALSE
Choose the correct answers regarding proteins: They are polypeptides,TRUE
Choose the correct answers regarding proteins: They join together by glycosidic bond,TRUE
Choose the correct answers regarding proteins: They undergo denaturation by application of heat,TRUE
Choose the correct answers regarding proteins: Primary structure of protein are genetically determined,TRUE
Choose the correct answers regarding proteins: Chylomicron,FALSE
Chylomicron: is synthesized in intestine,TRUE
Chylomicron: is the major blood lipids,FALSE
Chylomicron: contains apo-B48,TRUE
Chylomicron: transport endogenous TAG,TRUE
Chylomicron: is the most dense lipoprotein,FALSE
Steroid nucleus is present: Bile salt,TRUE
Steroid nucleus is present: Vitamin-D,FALSE
Steroid nucleus is present: Prostaglandin,FALSE
Steroid nucleus is present: Cholesterol,TRUE
Steroid nucleus is present: Vitamin-A,TRUE
Following are disaccharide: Glucose,FALSE
Following are disaccharide: Fructose,FALSE
Following are disaccharide: Lactose,TRUE
Following are disaccharide: Maltose,TRUE
Following are disaccharide: Sucrose,TRUE
Examples of phospholipid are: lecithin,TRUE
Examples of phospholipid are: chondroitin salfate,FALSE
Examples of phospholipid are: plasmalogen,TRUE
Examples of phospholipid are: hyaluronic acid,FALSE
Examples of phospholipid are: sphingomyelin,TRUE
Example of polysaccharide are: insulin,FALSE
Example of polysaccharide are: maltotriose,FALSE
Example of polysaccharide are: glycerose,FALSE
Example of polysaccharide are: chondroitin sulphate,TRUE
Example of polysaccharide are: dextrin,TRUE
Compounds synthesized from cholesterol: Vitamin K,FALSE
Compounds synthesized from cholesterol: Vitamin D,TRUE
Compounds synthesized from cholesterol: Bile salts,TRUE
Compounds synthesized from cholesterol: cortisol,TRUE
Compounds synthesized from cholesterol: acetyl co-A,FALSE
Aldose sugars are: Glucose,TRUE
Aldose sugars are: Ribose,TRUE
Aldose sugars are: Ribulose,FALSE
Aldose sugars are: Fructose,FALSE
Aldose sugars are: Glyceraldehyde,TRUE
Following are homopolysaccharide: Cellulose,FALSE
Following are homopolysaccharide: Maltotriose,TRUE
Following are homopolysaccharide: Hyaluronic acid,FALSE
Following are homopolysaccharide: Inulin,TRUE
Following are homopolysaccharide: Dextran,TRUE
Denaturation of protein is characterized by: Breaking of peptide bonds,FALSE
Denaturation of protein is characterized by: Loss of primary structure,FALSE
Denaturation of protein is characterized by: Loss of secondary structure,TRUE
Denaturation of protein is characterized by: Loss of biological activity,TRUE
Denaturation of protein is characterized by: Unfolding of polypeptide chain,TRUE
Essential fatty acid: Must be supplemented in diet,TRUE
Essential fatty acid: Can be synthesized in body,FALSE
Essential fatty acid: Undergoes β-oxidation,FALSE
Essential fatty acid: Deficiency may causes skin disorders,TRUE
Essential fatty acid: Tends to increase plasma cholesterol level,FALSE
Peptide bond: Has a partial double bond character,TRUE
Peptide bond: Ionizes at physiological pH,FALSE
Peptide bond: Does not cleaved by organic solvent,TRUE
Peptide bond: Is labile to strong acid,FALSE
Peptide bond: Occurs in the cis configuration,FALSE
Following are eicosanoids: Prostacycline,TRUE
Following are eicosanoids: Histamine,FALSE
Following are eicosanoids: Leukotriene,TRUE
Following are eicosanoids: Thromboxane,TRUE
Following are eicosanoids: Lipoxine,TRUE
Chylomicron: is the largest lipoprotein,TRUE
Chylomicron: is the most dense lipoprotein,FALSE
Chylomicron: supplies endogenous triglyceride,TRUE
Chylomicron: enters liver through portal blood,FALSE
Chylomicron: contains apo-B48,TRUE
Cholesterol is the precursor of: Eicosanoids,FALSE
Cholesterol is the precursor of: Testosterone,TRUE
Cholesterol is the precursor of: Thyroid hormone,FALSE
Cholesterol is the precursor of: Calcitriol,TRUE
Cholesterol is the precursor of: Calcitonin,FALSE
Examples of phospholipid are: lecithin,TRUE
Examples of phospholipid are: chondroitin sulphate,FALSE
Examples of phospholipid are: plasmalogen,TRUE
Examples of phospholipid are: hyaluronic acid,FALSE
Examples of phospholipid are: sphingomyelin,TRUE
Glycosaminoglycans: are stored fuel of the body,FALSE
Glycosaminoglycans: contains amino sugar and uronic acid,TRUE
Glycosaminoglycans: are heteropolysaccharides,TRUE
Glycosaminoglycans: acts as lubricants,TRUE
Glycosaminoglycans: have role in glucose homeostasis,FALSE
Glycosaminoglycans are: homopolysaccharides,FALSE
Glycosaminoglycans are: act as stored fuel,FALSE
Glycosaminoglycans are: are complex carbohydrates,TRUE
Glycosaminoglycans are: contain amino sugar and uronic acid,TRUE
Glycosaminoglycans are: have no role in lubrication,FALSE
Lipoproteins that transport TAG to the tissues are: LDL,FALSE
Lipoproteins that transport TAG to the tissues are: VLDL,TRUE
Lipoproteins that transport TAG to the tissues are: Chylomicron,TRUE
Lipoproteins that transport TAG to the tissues are: HDL,FALSE
Lipoproteins that transport TAG to the tissues are: IDL,FALSE
Steroid nucleus is present in: Phsopholipid,FALSE
Steroid nucleus is present in: Bile salt,TRUE
Steroid nucleus is present in: Prostaglandin,FALSE
Steroid nucleus is present in: Calcitriol,TRUE
Steroid nucleus is present in: Cholesterol,TRUE
The biopolymers include: Nucleic acid,TRUE
The biopolymers include: Triacylglycerol,FALSE
The biopolymers include: Glycogen,FALSE
The biopolymers include: Fatty acid,FALSE
The biopolymers include: Protein,TRUE
Amphipathic lipids are: Phospholipids,TRUE
Amphipathic lipids are: Cholesterol ester,FALSE
Amphipathic lipids are: Fatty acid,TRUE
Amphipathic lipids are: Triacylglycerol,FALSE
Amphipathic lipids are: Cholesterol,TRUE
Amphipathic lipids are: Phospholipids,TRUE
Amphipathic lipids are: Cholesterol ester,FALSE
Amphipathic lipids are: Fatty acid,TRUE
Amphipathic lipids are: Triacylglycerol,FALSE
Amphipathic lipids are: Cholesterol,TRUE
Glycogen: Has highly branched structure,TRUE
Glycogen: Has amylase and amylopectine structure,FALSE
Glycogen: Can be stored in liver and muscle,TRUE
Glycogen: Is a plant polysaccharide,FALSE
Glycogen: Has role in glucose homeostasis,TRUE
"At isoelectric point, the feature of an amino acid are: The amino acid will carry more positive charge ",FALSE
"At isoelectric point, the feature of an amino acid are: There is maximum mobility in electric field ",FALSE
"At isoelectric point, the feature of an amino acid are: Solubility will be minimum ",TRUE
"At isoelectric point, the feature of an amino acid are: Precipitation will be maximum ",TRUE
"At isoelectric point, the feature of an amino acid are: Buffering capacity will be maximum ",FALSE
The functions of PUFA are: Synthesis of phospholipids (F),FALSE
The functions of PUFA are: Esterification of cholesterol,TRUE
The functions of PUFA are: Synthesis of prostaglandin,TRUE
The functions of PUFA are: Detoxification of triglyceride,FALSE
The functions of PUFA are: Formation of atherosclerotic plug,FALSE
Regarding lipoprotein following statements are true: Chylomicrin transports endogenous TG,FALSE
Regarding lipoprotein following statements are true: LDL contains apo-B48,FALSE
Regarding lipoprotein following statements are true: Lp(a) has homology with plasminogen,FALSE
Regarding lipoprotein following statements are true: HDL transport TG from periphery to liver,FALSE
Regarding lipoprotein following statements are true: VLDL is rich in endogenous TG,TRUE
Eicosanoids are: Synthesized in cell membrane,TRUE
Eicosanoids are: Synthesized from cholesterol,FALSE
Eicosanoids are: Twenty carbon fatty acid,TRUE
Eicosanoids are: Synthesized from oleic acid,FALSE
Eicosanoids are: Synthesized by the help of phospholipase A2,TRUE
Denaturation of protein: Is caused by alkali,TRUE
Denaturation of protein: Losses its primary structure,FALSE
Denaturation of protein: Preserves its biological action,FALSE
Denaturation of protein: Occurs during cooking,TRUE
Denaturation of protein: Give calories in diet,FALSE
Benedict’s test in urine is positive for: Glucose,TRUE
Benedict’s test in urine is positive for: Bilirubin,FALSE
Benedict’s test in urine is positive for: Ascorbic acid,FALSE
Benedict’s test in urine is positive for: Ketone bodies,FALSE
Benedict’s test in urine is positive for: Riboflavin,FALSE
Make true/false choices on fatty acids below: Acetic and propionic acids are glucogenic fatty acid,FALSE
Make true/false choices on fatty acids below: Characteristically they have aliphatic chains,TRUE
Make true/false choices on fatty acids below: Linolenic acid is omega-6 fatty acid,FALSE
Make true/false choices on fatty acids below: Arachidonic acid is omega-3 fatty acid,FALSE
Make true/false choices on fatty acids below: Oleic acid is omega-9 fatty acid,TRUE
Prostaglandins: Are 20 C fatty acid derivatives,TRUE
Prostaglandins: Have local hormone like activity,TRUE
Prostaglandins: Have a very high half life,FALSE
Prostaglandins: Are synthesized only in the liver,FALSE
Prostaglandins: Have a common precursor arachidonic acid,TRUE
HDL: Acts as a reservoir of apo-protein,TRUE
HDL: Removes esterified cholesterol from peripheral tissue,TRUE
HDL: Is involved in reverse cholesterol transport,TRUE
HDL: Plays main role in delivery of TG to tissues,FALSE
HDL: Delivers free cholesterol to the tissues,FALSE
Lipoproteins that transport TAG to the tissues are: LDL,FALSE
Lipoproteins that transport TAG to the tissues are: VLDL,TRUE
Lipoproteins that transport TAG to the tissues are: Chylomicron,TRUE
Lipoproteins that transport TAG to the tissues are: HDL,FALSE
Lipoproteins that transport TAG to the tissues are: IDL,FALSE
Are the following statements on lipoprotein true: They are conjugated protein,TRUE
Are the following statements on lipoprotein true: Chylomicron forms in liver,FALSE
Are the following statements on lipoprotein true: HDL is synthesized and secreted by liver,TRUE
Are the following statements on lipoprotein true: Cholesterol is predominant in LDL,TRUE
Are the following statements on lipoprotein true: Protein proportion is highest in VLDL,FALSE
Among the carbohydrates: Glucose is an aldohexose,TRUE
Among the carbohydrates: Cellulose is a polymer of glucose,TRUE
Among the carbohydrates: Fructose is a non-reducing sugar,FALSE
Among the carbohydrates: Cellulose can not be digested in human,TRUE
Among the carbohydrates: Dextrin is a polymer of glucose,TRUE
The general characteristics of plasma proteins: Most PPs are synthesized in the plasma cell,FALSE
The general characteristics of plasma proteins: Each PP has a characteristic half life,TRUE
The general characteristics of plasma proteins: Many PPs exhibit polymorphism,FALSE
The general characteristics of plasma proteins: Almost all are simple protein,TRUE
The general characteristics of plasma proteins: The level of certain PP decreases during acute inflammation,TRUE
The anti: All the fatty acids,FALSE
The anti: All the CHOs,TRUE
The anti: Glucogenic amino acid,TRUE
The anti: Glycerol part of fat,TRUE
The anti: Lysine and leucine,FALSE
Atherogenic lipoproteins are: Chylomicron,TRUE
Atherogenic lipoproteins are: LDL,TRUE
Atherogenic lipoproteins are: Lip (b),FALSE
Atherogenic lipoproteins are: VLDL,TRUE
Atherogenic lipoproteins are: Lip (a),TRUE
Maltose can be formed by hydrolysis of: starch,TRUE
Maltose can be formed by hydrolysis of: dextrin,FALSE
Maltose can be formed by hydrolysis of: heparin,FALSE
Maltose can be formed by hydrolysis of: glycogen,TRUE
Maltose can be formed by hydrolysis of: chondroitin,FALSE
Mucopolysaccharides are also known as: mucoprotein,FALSE
Mucopolysaccharides are also known as: glycoprotein,FALSE
Mucopolysaccharides are also known as: glycosaminoglycans,TRUE
Mucopolysaccharides are also known as: homopolysaccharides,FALSE
Mucopolysaccharides are also known as: heteropolysaccharides,FALSE
Triglyceride rich lipoproteins are: VLDL,TRUE
Triglyceride rich lipoproteins are: LDL,FALSE
Triglyceride rich lipoproteins are: HDL,FALSE
Triglyceride rich lipoproteins are: Chylomicron,FALSE
Triglyceride rich lipoproteins are: Lipoprotein(a),TRUE
Omega: linolic acid,FALSE
Omega: a linolenic acid,TRUE
Omega: y linolenic acid,FALSE
Omega: arachidonic acid,FALSE
Omega: palmitoleic acid,FALSE
A coagulated protein is: insoluble,TRUE
A coagulated protein is: biologically non-functional,TRUE
A coagulated protein is: unfolded,TRUE
A coagulated protein is: not digestible,FALSE
A coagulated protein is: nutritionally inert,FALSE
Structural proteins include: immunoglobulin,FALSE
Structural proteins include: transferrin,FALSE
Structural proteins include: collagen fibers,TRUE
Structural proteins include: microtubules,TRUE
Structural proteins include: actins & myosin,FALSE
Prostaglandins: are 20 carbon fatty acid,TRUE
Prostaglandins: have local hormone like activity,TRUE
Prostaglandins: have a very long half life,FALSE
Prostaglandins: are synthesized only in the liver,FALSE
Prostaglandins: are derivatives of arachidonic acid,TRUE
Phospholipids: are derivatives of phosphatidic acid,TRUE
Phospholipids: are not found in membrane,FALSE
Phospholipids: must contain sphingosine,FALSE
Phospholipids: can act as surfactant,TRUE
Phospholipids: have role in coagulation,FALSE
Are the following statement on LDL: it is a marker for cardiovascular risk,TRUE
Are the following statement on LDL: it delivers cholesterol to cell,TRUE
Are the following statement on LDL: it is called good cholesterol,FALSE
Are the following statement on LDL: it contains more protein,FALSE
Are the following statement on LDL: it contains only one apo-protein,FALSE
Plasma proteins can act as: Buffer,TRUE
Plasma proteins can act as: Coagulation factor,TRUE
Plasma proteins can act as: Coenzyme,FALSE
Plasma proteins can act as: Cofactor,FALSE
Plasma proteins can act as: Osmotically active substance,TRUE
Eicosanoids are: Synthesized from arachidonic acid,TRUE
Eicosanoids are: Non-essential fatty acids.,FALSE
Eicosanoids are: Prostaglandins,TRUE
Eicosanoids are: Synthesized from cholesterol,FALSE
Eicosanoids are: Thromboxanes,TRUE
The pentose sugar ribose is: Endogenously synthesized,TRUE
The pentose sugar ribose is: An oligosaccharide,FALSE
The pentose sugar ribose is: Present in ADP,TRUE
The pentose sugar ribose is: An intermediate of HMP shunt,TRUE
The pentose sugar ribose is: Present in cAMP,TRUE
The following are the aldohexose: Glucose,TRUE
The following are the aldohexose: Galactose,TRUE
The following are the aldohexose: Mannose,TRUE
The following are the aldohexose: Fructose,FALSE
The following are the aldohexose: Ribose,FALSE
Double bond containing fatty acids are: Palmitic acid,FALSE
Double bond containing fatty acids are: Leinoleic acid,TRUE
Double bond containing fatty acids are: Arachidonic acid,TRUE
Double bond containing fatty acids are: ω-3 fatty acids,FALSE
Double bond containing fatty acids are: stearic acids,FALSE
The followings are the heteropolysaccharides: Inulin,FALSE
The followings are the heteropolysaccharides: Dextrin,FALSE
The followings are the heteropolysaccharides: Heparin,TRUE
The followings are the heteropolysaccharides: Chondroitin sulphate,TRUE
The followings are the heteropolysaccharides: Hyaluronic acid,TRUE
Ketogenic amino acids: leucine,TRUE
Ketogenic amino acids: alanine,FALSE
Ketogenic amino acids: glycine,FALSE
Ketogenic amino acids: lysine,TRUE
Ketogenic amino acids: methionine,FALSE
Ketogenic amino acids: leucine,TRUE
Ketogenic amino acids: alanine,FALSE
Ketogenic amino acids: glycine,FALSE
Ketogenic amino acids: lysine,TRUE
Ketogenic amino acids: methionine,FALSE
Double bond containing fatty acids: palmitic acid,FALSE
Double bond containing fatty acids: leinoleic acid,TRUE
Double bond containing fatty acids: arachidonic acid,TRUE
Double bond containing fatty acids: ω-3 fatty acids,FALSE
Double bond containing fatty acids: stearic acid,FALSE
Apoprotein: VLDL,TRUE
Apoprotein: LDL,TRUE
Apoprotein: HDL,FALSE
Apoprotein: Chylomicron remnant,FALSE
Apoprotein: contains B-D glucose,FALSE
Transport proteins include: albumin,TRUE
Transport proteins include: fibrinogen,FALSE
Transport proteins include: prothrombin,FALSE
Transport proteins include: ferritin,FALSE
Transport proteins include: ceruloplasmin,TRUE
The following are phospholipids: Hyaluronic acid,FALSE
The following are phospholipids: Phosphatidic acid,TRUE
The following are phospholipids: Xanthine,TRUE
The following are phospholipids: Phosphatidyl choline,FALSE
The following are phospholipids: Phosphatidyl inositol,TRUE
Compounds synthesized from cholesterol are: eicosanoids,FALSE
Compounds synthesized from cholesterol are: cholecalciferol,TRUE
Compounds synthesized from cholesterol are: estrogen,TRUE
Compounds synthesized from cholesterol are: taurocholic acid,FALSE
Compounds synthesized from cholesterol are: retinyl ester,FALSE
Following substances are biopolymers: triacylglycerol,TRUE
Following substances are biopolymers: cholesteryl ester,FALSE
Following substances are biopolymers: lecithin,FALSE
Following substances are biopolymers: DNA,TRUE
Following substances are biopolymers: protein,TRUE
Homopolysaccharides include: cellulose,TRUE
Homopolysaccharides include: inulin,FALSE
Homopolysaccharides include: glycogen,TRUE
Homopolysaccharides include: amylase,FALSE
Homopolysaccharides include: heparin,FALSE
Steroid nucleus is present in: aldosterone,TRUE
Steroid nucleus is present in: epinephrine,FALSE
Steroid nucleus is present in: calcitriol,TRUE
Steroid nucleus is present in: ascorbic acid,FALSE
Steroid nucleus is present in: thyroxine,FALSE
Denaturation of protein: breaks peptide bond,TRUE
Denaturation of protein: is irreversible,TRUE
Denaturation of protein: retains biological activity,FALSE
Denaturation of protein: breaks tertiary structure,TRUE
Denaturation of protein: caused by altered PH,TRUE
Eicosanoids are synthesized from: membrane phospholipid,TRUE
Eicosanoids are synthesized from: arachidonic acid,TRUE
Eicosanoids are synthesized from: 20 C containing fatty acid,TRUE
Eicosanoids are synthesized from: Saturated fatty acid,FALSE
Eicosanoids are synthesized from: cholesteryl ester,FALSE
Plasma proteins can: act as buffer,TRUE
Plasma proteins can: act as coagulation factor,TRUE
Plasma proteins can: act as coenzyme,FALSE
Plasma proteins can: play role in immunity,TRUE
Plasma proteins can: exert osmotic pressure,TRUE
The pentose sugar ribose: is formed in our body,TRUE
The pentose sugar ribose: is an oligosaccharide,FALSE
The pentose sugar ribose: is an intermediate of HMP shunt,TRUE
The pentose sugar ribose: is present in ATP,TRUE
The pentose sugar ribose: is catabolized in citric acid cycle,FALSE
Ketogenic amino acids: Produce ketone bodies,TRUE
Ketogenic amino acids: Can enter TCA cycle,FALSE
Ketogenic amino acids: Are valine & alaline,FALSE
Ketogenic amino acids: Produce acetoacetyl coA,TRUE
Ketogenic amino acids: Can synthesize protein,FALSE
Lipoproteins rich in triacylglycerol are: chylomicron,TRUE
Lipoproteins rich in triacylglycerol are: VLDL,FALSE
Lipoproteins rich in triacylglycerol are: HDL,FALSE
Lipoproteins rich in triacylglycerol are: IDL,FALSE
Lipoproteins rich in triacylglycerol are: LDL,FALSE
Glycosaminoglycans: are homopolysaccharides,FALSE
Glycosaminoglycans: act as stored fuel,FALSE
Glycosaminoglycans: are complex carbohydrates,TRUE
Glycosaminoglycans: contain amino sugar and uronic acid,FALSE
Glycosaminoglycans: present in synovial fluid,TRUE
Cell membrane contains: amino acid,FALSE
Cell membrane contains: triacylglycerol,FALSE
Cell membrane contains: phospholipids,TRUE
Cell membrane contains: cholesterol,TRUE
Cell membrane contains: protein,TRUE
Examples of phospholipid are: lecithin,TRUE
Examples of phospholipid are: glyceraldehyde 3-PO4,FALSE
Examples of phospholipid are: plasmalogen,TRUE
Examples of phospholipid are: dihydroxyacetone phosphate,FALSE
Examples of phospholipid are: phosphatidyl ethanolamine,TRUE
Cholesterol is the precursor of: bile salt,FALSE
Cholesterol is the precursor of: adreno medullary hormone,FALSE
Cholesterol is the precursor of: testosterone,FALSE
Cholesterol is the precursor of: vitamin A,FALSE
Cholesterol is the precursor of: vitamin D,TRUE
Denaturation of protein: caused by acid,TRUE
Denaturation of protein: loss of primary structure,FALSE
Denaturation of protein: unfolding of polypeptide chain,TRUE
Denaturation of protein: breaks tertiary structure,FALSE
Denaturation of protein: caused by altered pH,TRUE
Cell membrane contains: polyunsaturated fatty acid,TRUE
Cell membrane contains: phospholipids,TRUE
Cell membrane contains: GAGs,FALSE
Cell membrane contains: cholesterol,TRUE
Cell membrane contains: Prptein,FALSE
Plasma membrane is made up of: Cholesterol,TRUE
Plasma membrane is made up of: non-polar lipids,FALSE
Plasma membrane is made up of: Amphipathic lipids,TRUE
Plasma membrane is made up of: Glycosaminoglycans,FALSE
Plasma membrane is made up of: Phosphatydilcholine,TRUE
Conventionally lipid profile include estimation of: Triglyceride,TRUE
Conventionally lipid profile include estimation of: Free fatty acid,FALSE
Conventionally lipid profile include estimation of: Total cholesterol,TRUE
Conventionally lipid profile include estimation of: VLDL cholesterol,FALSE
Conventionally lipid profile include estimation of: HDL cholesterol,TRUE
Amino acid has following features: Building block of protein only,TRUE
Amino acid has following features: Alanine and glycine are glucogenic amino acids,TRUE
Amino acid has following features: Methionine is sulpher-containing amino acid,TRUE
Amino acid has following features: Non-essential means they are not needed for the body,FALSE
Amino acid has following features: Can from protein by glucosidic linkage,FALSE
Haemoglobin is a: Chromoprotein,TRUE
Haemoglobin is a: Carrier protein For O2 only,TRUE
Haemoglobin is a: Dimer,FALSE
Haemoglobin is a: Related to anaemia and cyanosis,TRUE
Haemoglobin is a: Present both in RBC and muscle cells,FALSE
Carbohydrate: It is the building block of tissue.,TRUE
Carbohydrate: Protein & fat substances mobilized on the background of it.,TRUE
Carbohydrate: Prevents ketosis.,TRUE
Carbohydrate: Does not show isomerism.,FALSE
Carbohydrate: Sour taste.,FALSE
Lipid: Specific gravity is higher than water.,FALSE
Lipid: Rancidity is present as physical property.,FALSE
Lipid: Fatty acids are derived lipids.,TRUE
Lipid: Iodine number is proportional to unsaturation.,TRUE
Lipid: Insoluble in water.,TRUE
Following lipoproteins originate: Chylomicron from liver,FALSE
Following lipoproteins originate: VLDL from liver,TRUE
Following lipoproteins originate: LDL from VLDL,TRUE
Following lipoproteins originate: HDL from liver,FALSE
Following lipoproteins originate: chylomicron from intestine,TRUE
Regarding essential fatty acid: Oleic acid is an essential fatty acid,FALSE
Regarding essential fatty acid: Contain no double bond,FALSE
Regarding essential fatty acid: High iodine number,TRUE
Regarding essential fatty acid: Liquid in room temperature,TRUE
Regarding essential fatty acid: Are polyunsaturated,TRUE
Omega: Linolenic acid,FALSE
Omega: y-linolenic acid,TRUE
Omega: Arachidonic acid,TRUE
Omega: a-linolenic acid,FALSE
Omega: Oleic acid,FALSE
Hetero polysaccharides are: Starch,FALSE
Hetero polysaccharides are: Glycogen,FALSE
Hetero polysaccharides are: Dextrin,FALSE
Hetero polysaccharides are: Inulin,TRUE
Hetero polysaccharides are: Mucopolysaccharide,TRUE
"Unsaturated fatty acids: Include oleic acid, stearic acids and all essential ones.",FALSE
Unsaturated fatty acids: Present one or more double bonds in structure.,TRUE
Unsaturated fatty acids: Are full of hydrogen atoms.,FALSE
Unsaturated fatty acids: Are deficient of carbon atoms.,FALSE
Unsaturated fatty acids: Are usually beneficial and prevents dyslipidaemia.,TRUE
Palmitic acid: is an unsaturated fatty acid,FALSE
Palmitic acid: contains 18 carbon,FALSE
Palmitic acid: is precursor of eicosanoids,FALSE
Palmitic acid: is an essential fatty acids,FALSE
Palmitic acid: is a major fatty acid in the body,TRUE
Plasma proteins are responsible for: blood clotting,TRUE
Plasma proteins are responsible for: colloidal osmotic pressure,TRUE
Plasma proteins are responsible for: buffering of acid metabolites,TRUE
Plasma proteins are responsible for: defense against microbial response,TRUE
Plasma proteins are responsible for: transport of various molecules,TRUE
Lipoproteins: VLDL is rich in protein and TG,FALSE
Lipoproteins: LDL is responsible for atherosclerosis,TRUE
Lipoproteins: HDL is rich in cholesterol,FALSE
Lipoproteins: chylomicrons are synthesized in enterocytes,TRUE
Lipoproteins: LDL is synthesized within blood vessels,FALSE
The biopolymers are: Glucose,FALSE
The biopolymers are: Starch,TRUE
The biopolymers are: Triacylglycerol,FALSE
The biopolymers are: Protein,TRUE
The biopolymers are: Phosphatidic acid,FALSE
Following are the isomers of carbohydrate: D & L isomer,TRUE
Following are the isomers of carbohydrate: aldohexose and ketohexose,TRUE
Following are the isomers of carbohydrate: ribose and deoxyribose,FALSE
Following are the isomers of carbohydrate: starch and glycogen,FALSE
Following are the isomers of carbohydrate: glucopyranose and fructopyranose,FALSE
Examples of GAGs are: mucin,FALSE
Examples of GAGs are: heparin,TRUE
Examples of GAGs are: dermatan sulphate,FALSE
Examples of GAGs are: chondroitin sulphate,TRUE
Examples of GAGs are: blood group substances,FALSE
The compound glycogen: is a homopolysaccharide,TRUE
The compound glycogen: is highly branched,TRUE
The compound glycogen: contains ß-D glucose,FALSE
The compound glycogen: has reducing property,FALSE
The compound glycogen: is present in roots of plants,FALSE
Regarding amphipathic lipids: they are water insoluble,FALSE
Regarding amphipathic lipids: form micelle,TRUE
Regarding amphipathic lipids: having hydrophobic tail,TRUE
Regarding amphipathic lipids: having hydrocarbon group,TRUE
Regarding amphipathic lipids: cholesterol is the best example,TRUE
Normal biochemical parameter of the following are: cholesterol 150 mg to 200 mg/dl,TRUE
Normal biochemical parameter of the following are: HDL> 35 mg/dl,TRUE
Normal biochemical parameter of the following are: LDL <150 mg/dl,TRUE
Normal biochemical parameter of the following are: TG> 150 mg/dl,FALSE
Normal biochemical parameter of the following are: LDL>150 mg/dl,FALSE
Prostaglandins: are synthesized in cell membrane,TRUE
Prostaglandins: are palmitic acid derivatives,FALSE
Prostaglandins: cause smooth muscle contraction,TRUE
Prostaglandins: are conjugated proteins,FALSE
Prostaglandins: synthesis is inhibited by steroids,TRUE
The fatty acids: are aliphatic monocarboxylic acids,TRUE
The fatty acids: are not bound to albumin in serum,TRUE
The fatty acids: are simple lipids,FALSE
The fatty acids: are not essential in diet,TRUE
The fatty acids: can be synthesized from glucose,TRUE
Steroid nucleus is present in: phospholipid,FALSE
Steroid nucleus is present in: bile salt,TRUE
Steroid nucleus is present in: prostaglandin,FALSE
Steroid nucleus is present in: vit-D,TRUE
Steroid nucleus is present in: cholesterol,TRUE
Essential amino acids are: Tyrosine,FALSE
Essential amino acids are: Alanine,FALSE
Essential amino acids are: Valine,FALSE
Essential amino acids are: Proline,TRUE
Essential amino acids are: Threonine,FALSE
Purely glucogenic amino acids are as follows: Lysine,FALSE
Purely glucogenic amino acids are as follows: Alanine,TRUE
Purely glucogenic amino acids are as follows: Aspartate,TRUE
Purely glucogenic amino acids are as follows: Leucine,FALSE
Purely glucogenic amino acids are as follows: Valine,FALSE
Glucose: Normal fasting blood level is 100-140 mg/dl,TRUE
Glucose: is an aldohexose.,TRUE
Glucose: on oxidation yield 30 Kcal/mole.,FALSE
Glucose: is the inly fuel for brain & RBC,TRUE
Glucose: can be detected by urine by Fehling 's test,TRUE
Glycosaminoglycans: are stored fuels of body,FALSE
Glycosaminoglycans: contain amino sugars and uronic acid,TRUE
Glycosaminoglycans: are heteropolysaccharides,TRUE
Glycosaminoglycans: act as lubricants,TRUE
Glycosaminoglycans: consists of a-D glucopyranose,FALSE
Reducing sugar includes: Glucose.,TRUE
Reducing sugar includes: Fructose.,TRUE
Reducing sugar includes: Sucrose.,FALSE
Reducing sugar includes: Galactose.,TRUE
Reducing sugar includes: Lactose.,TRUE
Denaturation: Destroys secondary & tertiary structure of protein.,TRUE
Denaturation: Breaking of primary structure of protein.,FALSE
Denaturation: Loss in biological activity.,TRUE
Denaturation: Release of some amino acids.,FALSE
Denaturation: Application of acid on protein.,FALSE
Albumin helps in transport of: conjugated bilirubin,FALSE
Albumin helps in transport of: free fatty acid,FALSE
Albumin helps in transport of: sex hormones,TRUE
Albumin helps in transport of: insulin,FALSE
Albumin helps in transport of: glucagons,FALSE
Ammonia intoxication: is life threatening,TRUE
Ammonia intoxication: occurs in liver failure,TRUE
Ammonia intoxication: depletes the level of ketogluterate,TRUE
Ammonia intoxication: occurs also in renal failure,FALSE
Ammonia intoxication: is toxic to the peripheral nervous system,FALSE
Regarding essential fatty acid: Oleic acid is an essential fatty acid,FALSE
Regarding essential fatty acid: Contains no double bond,FALSE
Regarding essential fatty acid: Has high iodine number,TRUE
Regarding essential fatty acid: Is liquid in room temperature,TRUE
Regarding essential fatty acid: Are polyunsaturated,TRUE
Cholesterol: have steroid nucleus,TRUE
Cholesterol: is component of nucleic acids,FALSE
Cholesterol: is the precursor of bile acids,TRUE
Cholesterol: supplies energy to the body,FALSE
Cholesterol: is synthesized by the kidney,FALSE
Factors increasing blood cholesterol level: high carbohydrate level,TRUE
Factors increasing blood cholesterol level: vit B5 deficiency,FALSE
Factors increasing blood cholesterol level: vit B6 deficiency,FALSE
Factors increasing blood cholesterol level: vit b2 deficiency,FALSE
Factors increasing blood cholesterol level: decrease intake of fiber in diet,TRUE
Phospholipids: are complex lipid containing glycerol only as alcohol,FALSE
Phospholipids: are constituent of cell membrane,TRUE
Phospholipids: present in plasma in small quantities,TRUE
Phospholipids: act as lipotropic factor,FALSE
Phospholipids: act as surfactant,TRUE
Characterization of fats are done by: Saponification,TRUE
Characterization of fats are done by: Calcium number,FALSE
Characterization of fats are done by: Iodine number,TRUE
Characterization of fats are done by: Base number,FALSE
Characterization of fats are done by: Acid number,TRUE
Cholesterol: contains 28 carbon is structure,FALSE
Cholesterol: source is both exogenous and endogenous,TRUE
Cholesterol: precursor molecule is acetyl CoA,TRUE
Cholesterol: decreased level is the cause of atherosclerosis,FALSE
Cholesterol: on catabolism yield ATP,FALSE
"Starch is: Polymer of glucose, fructose & galactose",TRUE
Starch is: Bound together by 1-4 a bonds only,FALSE
Starch is: Reacts in benedict's solution,FALSE
Starch is: Major dietary carbohydrate source,TRUE
Starch is: Branching occurs at 1-2 a bonds,FALSE
Enzymes: Bring substrates in close proximity,TRUE
Enzymes: Align substrates in proper orientation,FALSE
Enzymes: Are not reusable at the end of reaction,FALSE
Enzymes: Release products when reactions are done,TRUE
Enzymes: Increase the free energy of activation for reaction,FALSE
Isoenzymes: Are physically distinct forms of same enzyme,TRUE
Isoenzymes: Perform different catalytic activities,FALSE
Isoenzymes: Have mobility on electrophoresis,TRUE
Isoenzymes: Are present in serum,TRUE
Isoenzymes: Are not measured,FALSE
Coenzymes are: Inorganic substances,FALSE
Coenzymes are: Mostly vitamin derivatives,TRUE
Coenzymes are: second messenger of enzyme,FALSE
Coenzymes are: metalloenzyme,FALSE
Coenzymes are: non-protein substances,TRUE
LDH is: intracellular enzyme,TRUE
LDH is: functional plasma enzyme,FALSE
LDH is: cardiac marker enzyme,TRUE
LDH is: oligomeric protein,FALSE
LDH is: dimer,FALSE
Enzymes: are protein in nature,TRUE
Enzymes: are dialyzable,FALSE
Enzymes: Can initiate chemical reaction,TRUE
Enzymes: Are highly specific in action,FALSE
Enzymes: Show maximum activity at optimum pH,TRUE
Iso: Have different catalytic action,FALSE
Iso: Differ from each other by immunologically,TRUE
Iso: Bear same physical properties,FALSE
Iso: Are tissue specific used for diagnosis of disease,TRUE
Iso: Are non-functional plasma protein intracellular in origin,FALSE
The enzyme: Reduces the energy of activation,TRUE
The enzyme: Increases total energy of substrate,FALSE
The enzyme: Increases the equilibrium constant,FALSE
The enzyme: Increases the total energy of product,FALSE
The enzyme: Has specific Km value,TRUE
Non: Lipoprotein lipase,FALSE
Non: Pancreatic amylase,TRUE
Non: Lactate dehydrogenase,TRUE
Non: Pseudocholinesterase,TRUE
Non: Pro-enzymes of blood coagulation,FALSE
When substrate concentration is equal to Km value: Half of enzyme molecules are bond to substrate molecule,TRUE
When substrate concentration is equal to Km value: Maximum velocity is achieved,FALSE
When substrate concentration is equal to Km value: Maximum enzyme molecules taking part in the reaction,FALSE
When substrate concentration is equal to Km value: The reaction is now at equilibrium,FALSE
When substrate concentration is equal to Km value: All the active sites of enzymes are not saturated,FALSE
Co: Non-protein organic substance,TRUE
Co: Heat labile,FALSE
Co: Mostly vit-B complex,TRUE
Co: High molecular weight substance,FALSE
Co: Metallic ion,FALSE
Coenzymes: are inorganic molecules,FALSE
Coenzymes: may be regarded as second substrate,TRUE
Coenzymes: act as group transfer reagents,TRUE
Coenzymes: ATP and GDP are coenzymes,TRUE
Coenzymes: Lactase and enzymes include:,FALSE
Group specific enzymes include: Pepsin,FALSE
Group specific enzymes include: Aminopeptidase,FALSE
Group specific enzymes include: Phospholipase,TRUE
Group specific enzymes include: Glucokinase,FALSE
Group specific enzymes include: Glucokinase,TRUE
Coenzymes: Are inorganic molecules,FALSE
Coenzymes: May be regarded as second substrate,TRUE
Coenzymes: Act as group transfer agent,TRUE
Coenzymes: ATP and NADP are not examples of coenzyme,TRUE
Coenzymes: ATP and NADP are not examples of coenzyme,FALSE
Properties of enzymes are that they: Are crystalloids,FALSE
Properties of enzymes are that they: Are heat labile,TRUE
Properties of enzymes are that they: Act as catalyst,TRUE
Properties of enzymes are that they: Always require co-enzyme for action,FALSE
Properties of enzymes are that they: Are protein in nature,TRUE
Iso: have the same mobility on electrophoresis,TRUE
Iso: perform different catalytic activity,FALSE
Iso: are physically distinct forms of same enzyme,TRUE
"Iso: are tissue specific, intracellular in origin",FALSE
Iso: are genetically distinct single molecular form,TRUE
"Enzymes: Are genetically distinct, single molecular in origin",TRUE
"Enzymes: Are tissue specific, intracellular in origin",FALSE
Enzymes: Are colloidal substances,TRUE
Enzymes: Are heat stable,TRUE
Enzymes: Are derived from vitamin,FALSE
Enzymes having diagnostic value in MI are: CK-MB,TRUE
Enzymes having diagnostic value in MI are: ALT,TRUE
Enzymes having diagnostic value in MI are: AST,FALSE
Enzymes having diagnostic value in MI are: LDH,TRUE
Enzymes having diagnostic value in MI are: Citrare dehydrogenase,FALSE
Enzymes: Are colloidal substance,TRUE
Enzymes: Are heat stable,FALSE
Enzymes: Have role in catalysis,TRUE
Enzymes: Require co-factor for their action,FALSE
Enzymes: Act as first messenger,FALSE
Non: Lipase,TRUE
Non: ALP,TRUE
Non: CK-MB,TRUE
Non: LDH,TRUE
Non: Esterase,FALSE
Co: Are inorganic molecules,FALSE
Co: Are essential for all enzymes,FALSE
Co: May be required as second substance,TRUE
Co: Are often derived from hormones,FALSE
Co: Act as group transfer reagents,TRUE
Enzymes having diagnostic value in MI are: CK,TRUE
Enzymes having diagnostic value in MI are: ALT,TRUE
Enzymes having diagnostic value in MI are: AST,FALSE
Enzymes having diagnostic value in MI are: LDH,TRUE
Enzymes having diagnostic value in MI are: ALP,FALSE
Non: Lipoprotein lipase,TRUE
Non: Pancreatic amylase,TRUE
Non: Pseudo-cholinesterase,FALSE
Non: Pro-enzymes of blood coagulation,TRUE
Non: Prostatic acid phosphatase,FALSE
Estimation of serum AST can be used for diagnosis of: Skeletal disease,FALSE
Estimation of serum AST can be used for diagnosis of: Cardiac disease,FALSE
Estimation of serum AST can be used for diagnosis of: Nerve disease,FALSE
Estimation of serum AST can be used for diagnosis of: Hepatic disease,TRUE
Estimation of serum AST can be used for diagnosis of: Renal disease,FALSE
Enzymes that are assayed in myocardial infarction are: ALT,FALSE
Enzymes that are assayed in myocardial infarction are: AST,TRUE
Enzymes that are assayed in myocardial infarction are: ALP,FALSE
Enzymes that are assayed in myocardial infarction are: CPK,TRUE
Enzymes that are assayed in myocardial infarction are: LDH,TRUE
Following types of reaction require the precipitation of co: Oxidation-reduction reaction,TRUE
Following types of reaction require the precipitation of co: Hydrolytic reaction,FALSE
Following types of reaction require the precipitation of co: Isomerization reaction,TRUE
Following types of reaction require the precipitation of co: Reactions that form covalent bond,FALSE
Following types of reaction require the precipitation of co: Reactions that break bonds,TRUE
Enzyme inhibition: Is always reversible,FALSE
Enzyme inhibition: Can be allosteric,TRUE
Enzyme inhibition: May be overcome by increased substrate conc.,FALSE
Enzyme inhibition: Always form covalent bond,FALSE
Enzyme inhibition: Is always irreversible,FALSE
The following are substrate specific enzymes: hexokinase,TRUE
The following are substrate specific enzymes: glucokinase,TRUE
The following are substrate specific enzymes: thiokinase,FALSE
The following are substrate specific enzymes: lactase,FALSE
The following are substrate specific enzymes: aminopeptidase,FALSE
The following co: Coenzyme Q,TRUE
The following co: FAD,TRUE
The following co: Coenzyme A,FALSE
The following co: NADP,TRUE
The following co: Cobamide,FALSE
Creatine kinase is found in: Myocardium,TRUE
Creatine kinase is found in: Brain,TRUE
Creatine kinase is found in: Muscle,FALSE
Creatine kinase is found in: Breast,TRUE
Creatine kinase is found in: Liver,FALSE
Coenzymes: are derived from vitamins,FALSE
Coenzymes: are often derived from vitamins,TRUE
Coenzymes: may be regarded as 2nd messenger,TRUE
Coenzymes: have no role in group transfer reaction,TRUE
Coenzymes: are non protein substances,FALSE
Prosthetic group of an enzyme: FMN,FALSE
Prosthetic group of an enzyme: Biotin,FALSE
Prosthetic group of an enzyme: NAD,FALSE
Prosthetic group of an enzyme: Thiamin,FALSE
Prosthetic group of an enzyme: Pyridoxal phosphate,FALSE
Km of an enzyme: Is substrate concentration,TRUE
Km of an enzyme: Is enzyme concentration,FALSE
Km of an enzyme: Is product concentration,FALSE
Km of an enzyme: Determines affinity with substrate,TRUE
Km of an enzyme: Is a constant value,FALSE
The following are the plasma non functional enzymes: AST,FALSE
The following are the plasma non functional enzymes: ALT,FALSE
The following are the plasma non functional enzymes: LDH,TRUE
The following are the plasma non functional enzymes: Lipoprotein lipase,FALSE
The following are the plasma non functional enzymes: LCAT,FALSE
The following are coenzymes: hexokinase,FALSE
The following are coenzymes: pyridoxal phosphate,TRUE
The following are coenzymes: thiamin pyrophosphate,TRUE
The following are coenzymes: catalase,TRUE
The following are coenzymes: peroxidase,FALSE
Plasma non functional enzymes are: AST,FALSE
Plasma non functional enzymes are: Lipoprotein lipase,TRUE
Plasma non functional enzymes are: Lactate dehydrogenase,TRUE
Plasma non functional enzymes are: esterase,FALSE
Plasma non functional enzymes are: ALT,FALSE
Coenzymes derived from vit: Thiamin pyrophosphate,TRUE
Coenzymes derived from vit: Biotin,FALSE
Coenzymes derived from vit: Sugar phosphate,FALSE
Coenzymes derived from vit: Lipoic acid,FALSE
Coenzymes derived from vit: Cobalamin coenzyme,TRUE
Enzymes with their clinical significance: ALT is highly specific for liver,TRUE
Enzymes with their clinical significance: CPK-MM is highly specific for muscle,TRUE
Enzymes with their clinical significance: AST is a heart disease marker,FALSE
Enzymes with their clinical significance: Aldolase is increased in brain tumor,FALSE
Enzymes with their clinical significance: ALP is increased in prostate cancer,FALSE
Enzyme action is affected by: Allosteric substances,FALSE
Enzyme action is affected by: Pressure,FALSE
Enzyme action is affected by: Electrolytes,FALSE
Enzyme action is affected by: pH,TRUE
Enzyme action is affected by: Enzyme concentration,TRUE
Characteristics of isoenzymes are as follows: Has quaternary structure,TRUE
Characteristics of isoenzymes are as follows: Has different molecular forms with different catalytic activities,FALSE
Characteristics of isoenzymes are as follows: Has diagnostic value in disease process,TRUE
Characteristics of isoenzymes are as follows: Can be used to treat disease,FALSE
Characteristics of isoenzymes are as follows: Usually are non-functional plasma enzymes,FALSE
Enzyme studied in myocardial infarction: CK,FALSE
Enzyme studied in myocardial infarction: CK-MB,TRUE
Enzyme studied in myocardial infarction: GT,FALSE
Enzyme studied in myocardial infarction: ALT,FALSE
Enzyme studied in myocardial infarction: LDH,TRUE
Regarding isoenzyme: many are tissue specific,TRUE
Regarding isoenzyme: are differ in physico-chemical properties,TRUE
Regarding isoenzyme: are synthesized from different genes,TRUE
Regarding isoenzyme: LDH has eight distinct forms,FALSE
Regarding isoenzyme: LDH 5 is increased in myocardial infarction,FALSE
Coenzymes are: non-protein organic molecule,TRUE
Coenzymes are: dialyzable,TRUE
Coenzymes are: heat labile,FALSE
Coenzymes are: prosthetic groups of enzymes,TRUE
Coenzymes are: catalyze a specific reaction,FALSE
Features of LDH are that: it is an intracellular enzyme,TRUE
Features of LDH are that: it has got three iso-enzymes,FALSE
Features of LDH are that: it is a cardiac marker,TRUE
Features of LDH are that: it is an oligomeric protein,FALSE
Features of LDH are that: it is not denaturated by heat,FALSE
Km of an enzyme: is the substrate concentration,FALSE
Km of an enzyme: is constant,TRUE
Km of an enzyme: is the characteristic feature of the enzyme,TRUE
Km of an enzyme: is the half maximum velocity of the enzyme,FALSE
Km of an enzyme: depends upon concentration of product,FALSE
Features of LDH are that: it is an intracellular enzyme,TRUE
Features of LDH are that: it has got five isozymes,TRUE
Features of LDH are that: it is a cardiac marker,TRUE
Features of LDH are that: it is not denatured by heat,FALSE
Features of LDH are that: it is an oligomeric protein,FALSE
Coenzymes are: heat labile,FALSE
Coenzymes are: inorganic substance,FALSE
Coenzymes are: non-protein in nature,TRUE
Coenzymes are: all vitamin derivatives,FALSE
Coenzymes are: dialyzable,TRUE
Properties of enzymes are that they: are crystalloids,FALSE
Properties of enzymes are that they: are heat labile,TRUE
Properties of enzymes are that they: act as catalyst,TRUE
Properties of enzymes are that they: always require coenzyme for action,FALSE
Properties of enzymes are that they: are protein in nature,TRUE
Digestion of starch by amylase yields: Fructose,FALSE
Digestion of starch by amylase yields: Glucose,FALSE
Digestion of starch by amylase yields: Maltose,TRUE
Digestion of starch by amylase yields: Maltotriose,FALSE
Digestion of starch by amylase yields: a-limit dextrin,TRUE
In the stomach: pH value is around 6-7,FALSE
In the stomach: pepsinogen is converted to pepsin by HCl,TRUE
In the stomach: ferric iron is reduced to ferrous form,FALSE
In the stomach: gastrin stimulates acid secretion,TRUE
In the stomach: protein is completely broken down,FALSE
Gastrin: Is secreted by oxyntic cells,FALSE
Gastrin: Is secreted by pyloric gland,TRUE
Gastrin: Secretion is reduced by amino acid,TRUE
Gastrin: Stimulates pepsin secretion,TRUE
Gastrin: Has trophic action,FALSE
Regarding gastric juice : pH is 6.7,FALSE
Regarding gastric juice : Inactivates the salivary amylase,TRUE
Regarding gastric juice : Is essential for absorption of vitamin B12,TRUE
Regarding gastric juice : Is essential for protein digestion,TRUE
Regarding gastric juice : Inhibited by vagal stimulation,FALSE
Regarding protein digestion: starts in mouth and ends in enterocytes,FALSE
Regarding protein digestion: Zymogens helps in protein digestion,TRUE
Regarding protein digestion: Exopeptidases break the inner peptide bonds,FALSE
Regarding protein digestion: Gastric HCl helps in protein denaturation,FALSE
Regarding protein digestion: End product is amino acid,FALSE
Bile: Contains digestive enzyme,FALSE
Bile: Contains unconjugated bilirubin,FALSE
Bile: Salts make soluble cholesterol,TRUE
Bile: Pigments does not contain iron,FALSE
Bile: is needed to excrete bilirubin,FALSE
Regarding absorption of digestive end products: Glucose absorption in the intestine is not depended on insulin,TRUE
Regarding absorption of digestive end products: Protein is absorbed in the form of peptides,FALSE
Regarding absorption of digestive end products: Liver is the main organ for absorptions,FALSE
Regarding absorption of digestive end products: Glucose absorption is a energy dependent process in luminal side,TRUE
Regarding absorption of digestive end products: All vitamins are not absorbed in the duodenum,TRUE
Mixed micelles consist of : Fatty acid,TRUE
Mixed micelles consist of : Apo B-100,FALSE
Mixed micelles consist of : Apo B-48,FALSE
Mixed micelles consist of : Lecithin,TRUE
Mixed micelles consist of : Cholesterol,TRUE
Regarding digestive enzyme: All are hydrolases,TRUE
Regarding digestive enzyme: Pepsin is a precursor of pepsinogen,FALSE
Regarding digestive enzyme: Disaccharides are present in pancreatic juice,TRUE
Regarding digestive enzyme: Trypsin acts well in alkaline media,TRUE
Regarding digestive enzyme: Intrinsic factor of Castle is present in saliva,FALSE
Bile salts: Are necessary for fat digestion,TRUE
Bile salts: Are derived from cholesterol,TRUE
Bile salts: Are component of succus entericus,FALSE
Bile salts: Reduce surface tension of fat globule,TRUE
Bile salts: Inhibit bile secretion by the liver,FALSE
Proteolytic enzymes include: Amylase,FALSE
Proteolytic enzymes include: Lipase,FALSE
Proteolytic enzymes include: Pepsin,TRUE
Proteolytic enzymes include: Trypsin,TRUE
Proteolytic enzymes include: Esterase,FALSE
Enzymes present in succus entericus: Alpha amylase,FALSE
Enzymes present in succus entericus: Colipase,FALSE
Enzymes present in succus entericus: DNase,FALSE
Enzymes present in succus entericus: Isomaltase,TRUE
Enzymes present in succus entericus: a-limit dextrin,FALSE
Stomach secretes following substances: intrinsic factor,TRUE
Stomach secretes following substances: amylase,FALSE
Stomach secretes following substances: mucus,TRUE
Stomach secretes following substances: hydrochloric acid,TRUE
Stomach secretes following substances: secretine,FALSE
Saliva: gives taste sensation,TRUE
Saliva: contains protein antibody,TRUE
Saliva: can digest protein,FALSE
Saliva: helps deglutition,FALSE
Saliva: secretion is decreased in sour food,FALSE
Saliva can digest: Protein into peptide,FALSE
Saliva can digest: Starch into maltose,TRUE
Saliva can digest: Fat into fatty acid and diacylglycerol,FALSE
Saliva can digest: Sucrose into glucose and fructose,TRUE
Saliva can digest: Lactose into glucose and galactose,FALSE
Regarding secretory cells in stomach: Parietal cells secrete pepsinogen,FALSE
Regarding secretory cells in stomach: Peptic cells secrete HCl,FALSE
Regarding secretory cells in stomach: G-cells secrete gastrin,TRUE
Regarding secretory cells in stomach: Mucus cells secrete mucin,TRUE
Regarding secretory cells in stomach: S-cells secrete secretin,FALSE
Chemical stimuli for gastric HCl secretion: Somatostatin,FALSE
Chemical stimuli for gastric HCl secretion: Histamine,TRUE
Chemical stimuli for gastric HCl secretion: PGE2,FALSE
Chemical stimuli for gastric HCl secretion: Acetylcholine,TRUE
Chemical stimuli for gastric HCl secretion: Gastrin,TRUE
Absorption of lipid to blood: Requires bile acid to form micelle,TRUE
Absorption of lipid to blood: Requires bile acid,TRUE
Absorption of lipid to blood: Requires further intracellular hydrolysis,FALSE
Absorption of lipid to blood: Follows enterohepatic circulation,FALSE
Absorption of lipid to blood: Requires further intracellular rearrangement,FALSE
End products of carbohydrate digestion are: Lactose,FALSE
End products of carbohydrate digestion are: Maltose,FALSE
End products of carbohydrate digestion are: Amylase,FALSE
End products of carbohydrate digestion are: Glucose,TRUE
End products of carbohydrate digestion are: Fructose,TRUE
Proteolytic enzymes include: Amylase,FALSE
Proteolytic enzymes include: Lipase,FALSE
Proteolytic enzymes include: Pepsin,TRUE
Proteolytic enzymes include: Trypsin,TRUE
Proteolytic enzymes include: Esterase,FALSE
Bile: contains enzyme required for fat digestion,FALSE
Bile: contains conjugated bilirubin,TRUE
Bile: turns more acid during storage in gall bladder,FALSE
Bile: contains salts which make cholesterol more soluble,TRUE
Bile: reabsorption occurs in the upper part of small intestine,FALSE
Gastric juice contains: hydrochloric acid,TRUE
Gastric juice contains: alpha amylase,FALSE
Gastric juice contains: lipase,TRUE
Gastric juice contains: mucus,TRUE
Gastric juice contains: pepsin,FALSE
Following enzymes are present in succus entericus: sucrase,TRUE
Following enzymes are present in succus entericus: dipeptidase,TRUE
Following enzymes are present in succus entericus: maltase,TRUE
Following enzymes are present in succus entericus: tripsin,FALSE
Following enzymes are present in succus entericus: amylase,FALSE
Tests for assessing synthetic function of liver are: prothrombine time,TRUE
Tests for assessing synthetic function of liver are: serum bilirubin,FALSE
Tests for assessing synthetic function of liver are: serum albumin,TRUE
Tests for assessing synthetic function of liver are: serum ALT,FALSE
Tests for assessing synthetic function of liver are: serum globulin,TRUE
Gastrin: Is secreted by oxyntic gland,FALSE
Gastrin: Is secreted by pyloric gland,TRUE
Gastrin: Secretion is reduced by amino acid,FALSE
Gastrin: Stimulates HCL & pepsin secretion,TRUE
Gastrin: Has trophic action,FALSE
End products of CHO digestion are: Glucose,FALSE
End products of CHO digestion are: Fructose,TRUE
End products of CHO digestion are: Maltose,FALSE
End products of CHO digestion are: Glucose,TRUE
End products of CHO digestion are: Maltose,FALSE
The absorption of glucose in the digestive tract: Occurs in the small intestine,TRUE
The absorption of glucose in the digestive tract: Is energy-requiring process,TRUE
The absorption of glucose in the digestive tract: Is stimulated by the hormone glucagon,FALSE
The absorption of glucose in the digestive tract: Occurs more rapidly than other monosaccharides,TRUE
The absorption of glucose in the digestive tract: Impairs in diabetes mellitus,FALSE
Synthetic function of liver are: Prothrombin time,TRUE
Synthetic function of liver are: Serum LDH,FALSE
Synthetic function of liver are: Serum albumin,TRUE
Synthetic function of liver are: Serum bilirubin,FALSE
Synthetic function of liver are: Serum globulin,FALSE
The absorption of glucose in the digestive tract: is totally regulated by hormone,FALSE
The absorption of glucose in the digestive tract: is an energy depending process,TRUE
The absorption of glucose in the digestive tract: occurs against concentration gradient,FALSE
The absorption of glucose in the digestive tract: starts from lower part of stomach,FALSE
The absorption of glucose in the digestive tract: is impaired in diabetes mellitus,FALSE
Liver is the principal site for: Synthesis of plasma albumin,TRUE
Liver is the principal site for: Synthesis of plasma globulin,FALSE
Liver is the principal site for: Storage of vit-B12 & iron,TRUE
Liver is the principal site for: Storage of ascorbic acid,FALSE
Liver is the principal site for: Excretion of bile salt,TRUE
Substances absorbed from terminal ileum: Cholesterol,FALSE
Substances absorbed from terminal ileum: Bile salts,TRUE
Substances absorbed from terminal ileum: Vit-B12,FALSE
Substances absorbed from terminal ileum: Folic acid,FALSE
Substances absorbed from terminal ileum: Electrolyte,FALSE
Regarding digestive enzymes: All are hydrolases,TRUE
Regarding digestive enzymes: Pepsin needs alkaline media for action,FALSE
Regarding digestive enzymes: Salivary amylase acts on protein,TRUE
Regarding digestive enzymes: Trypsin remains in ecbolic secretion of pancreas,FALSE
Regarding digestive enzymes: Lipolytic enzyme is bile,FALSE
Regarding digestive enzymes: All are hydrolases,TRUE
Regarding digestive enzymes: Pepsin needs alkaline media for action,FALSE
Regarding digestive enzymes: Salivary amylase acts on protein,TRUE
Regarding digestive enzymes: Trypsin remains in ecbolic secretion of pancreas,FALSE
Regarding digestive enzymes: Lipolytic enzyme is bile,FALSE
The hormones which control gastrointestinal motility: Gastrin,TRUE
The hormones which control gastrointestinal motility: Secretin,TRUE
The hormones which control gastrointestinal motility: Gastric inhibitory peptide,TRUE
The hormones which control gastrointestinal motility: Adrenaline,FALSE
The hormones which control gastrointestinal motility:  Atrial natriuretic peptide,FALSE
Gastrin: Is secreted by oxyntic cell,FALSE
Gastrin: Is secreted by pyloric gland,TRUE
Gastrin: Secretion is reduced by amino acid,TRUE
Gastrin: Stimulates pepsin secretion,TRUE
Gastrin: Is a steroid hormone,FALSE
Local hormones of GIT: Secretin,TRUE
Local hormones of GIT: Glucagon,FALSE
Local hormones of GIT: Prostaglandin,FALSE
Local hormones of GIT: Enterokinase,FALSE
Local hormones of GIT: Motilin,TRUE
Disaccharidases: Are pancreatic enzyme,FALSE
Disaccharidases: Are hydrolase enzyme,TRUE
Disaccharidases: Deficiency leads to lactose intolerance,TRUE
Disaccharidases: Are starch splitting enzyme,FALSE
"Disaccharidases: Are maltase, sucrase and amylase",FALSE
Products of lipid digestion are: Monoglycerides,TRUE
Products of lipid digestion are: Cholesterol,FALSE
Products of lipid digestion are: Fatty acid,TRUE
Products of lipid digestion are: Lecithin,FALSE
Products of lipid digestion are: Cholesteryl ester,FALSE
HCl helps in protein digestion by following ways: Activates pepsinogen to pepsin,TRUE
HCl helps in protein digestion by following ways: Ensure optimum pH for pepsin activity,FALSE
HCl helps in protein digestion by following ways: Denature protein,TRUE
HCl helps in protein digestion by following ways: Remove amino acid from protein,TRUE
HCl helps in protein digestion by following ways: Hydrolyze peptide proteins,FALSE
Endopeptidase include: trypsin,TRUE
Endopeptidase include: chymotrypsin,TRUE
Endopeptidase include: carboxypeptidase,FALSE
Endopeptidase include: aminopeptidaese,FALSE
Endopeptidase include: pepsin,TRUE
Gastric juice helps in: digestion of starch,FALSE
Gastric juice helps in: absorption of vit-B12,FALSE
Gastric juice helps in: absorption of folic acid,FALSE
Gastric juice helps in: digestion of protein,TRUE
Gastric juice helps in: digestion of butter fat,FALSE
Substances absorbed from terminal are: amino acid,TRUE
Substances absorbed from terminal are: glucose,TRUE
Substances absorbed from terminal are: bile salt,FALSE
Substances absorbed from terminal are: vitamin B12,TRUE
Substances absorbed from terminal are: folic acid,FALSE
Bile salt: Lowers surface tension.,TRUE
Bile salt: Are synthesized from cholesterol.,TRUE
Bile salt: Helps in absorption of fat soluble vitamins.,TRUE
Bile salt: Helps in iodine absorption.,FALSE
Bile salt: Helps to grow bacterial flora,TRUE
Endopeptides : Hydrolyses terminal peptide bonds.,FALSE
Endopeptides : Include trypsin,TRUE
Endopeptides : Include carboxypeptidase,FALSE
Endopeptides : Generate small peptides.,TRUE
Endopeptides : Act in alkaline media only,FALSE
Synthetic function test of liver are : Galactose tolerance test.,FALSE
Synthetic function test of liver are : Total albumin in plasma,FALSE
Synthetic function test of liver are : Serum total bilirubin level,FALSE
Synthetic function test of liver are : Prothrombin time.,TRUE
Synthetic function test of liver are : A/G ratio.,TRUE
The rate of basic electrical rhythm is high in : Stomach,FALSE
The rate of basic electrical rhythm is high in : Duodenum,TRUE
The rate of basic electrical rhythm is high in : Jejunum,FALSE
The rate of basic electrical rhythm is high in : Ileum,FALSE
The rate of basic electrical rhythm is high in : Colon,FALSE
In the large intestine : A greater volume of water is absorbed than in the small intestine,TRUE
In the large intestine : Mucus is secreted to lubricate fecal contents,TRUE
In the large intestine : Fecal transit time is inversely related to its fiber content,TRUE
In the large intestine : Fecal transit time is normally about 4 hours,TRUE
In the large intestine : Is the main site bile salt absorption,FALSE
The liver is : The principle site for synthesis of all the plasma proteins.,TRUE
The liver is : The principle site for storage of iron.,TRUE
The liver is : The principle site for synthesis of cholecalciferol,FALSE
The liver is : The principle site for synthesis of urea,TRUE
The liver is : The principle site for storage of vitamin C.,FALSE
pH of the following digestive juices are : Very high in gastric juice,FALSE
pH of the following digestive juices are : Very low in succus intericus,FALSE
pH of the following digestive juices are : Highest in pancreatic juice,FALSE
pH of the following digestive juices are : Low in bile,FALSE
pH of the following digestive juices are : High in saliva,TRUE
Gastric juice : Is secreted when vagus nerves are stimulated,TRUE
Gastric juice : Is secreted after vagotomy when food is present in the stomach,TRUE
Gastric juice : pH rarely falls below 4,FALSE
Gastric juice : Is prevented from digesting gastric mucosa by pepsin inactivator,TRUE
Gastric juice : Is essential for protein digestion,FALSE
Choose the correct answer: Bile contains lipolytic enzymes,FALSE
Choose the correct answer: Gastric juice contains pepsinogen.,TRUE
Choose the correct answer: Pancreatic juice contains alpha one antitryp sin.,FALSE
Choose the correct answer: HCI acid secretion produces alkaline tide,FALSE
Choose the correct answer: Chylomicron is synthesized in liver,FALSE
Fatty acid: Is absorbed by active process,FALSE
Fatty acid: Requires micelle for absorption,TRUE
Fatty acid: Containing double bonds is good for health,TRUE
Fatty acid: Is oxidized by beta oxidation,TRUE
Fatty acid: Reforms triglyceride in enterocyte,TRUE
"Ecbolic secretion of pancreas : Contains lipolytic, saccharolytic & proteolytic enzyme",TRUE
Ecbolic secretion of pancreas : Very rich with bicarbonate,FALSE
Ecbolic secretion of pancreas : Secretion starts mainly by gastrin,FALSE
Ecbolic secretion of pancreas : Secretes enzymes which are activated by enterokinase,TRUE
Ecbolic secretion of pancreas : Alpha 1 antitrypsin causes enzyme inhibition.,FALSE
The following are true about stomach : The lining of stomach has tight junction cells,FALSE
The following are true about stomach : The prostaglandin present in the lining cells prevents auto-digestion of stomach,TRUE
The following are true about stomach : The mucopolysaccharide lining provides buffer activity to neutralize the acid contact,FALSE
The following are true about stomach : HCl is required to activate the pepsinogen,FALSE
The following are true about stomach : HCl denatures protein into a simplified structure.,FALSE
Regarding the secretion of pancrease : There are two types of exocrine secretion,TRUE
Regarding the secretion of pancrease : The enzymes are in active form in the pancreas,FALSE
Regarding the secretion of pancrease : Secretin increases ecbolic secretion,FALSE
Regarding the secretion of pancrease : Pancreatic secretion contains alpha 1 antitrypsin.,FALSE
Regarding the secretion of pancrease : Pancreatic secretion contains alpha 1 antitrypsin,TRUE
The following are true for gut hormones: CCK-PZ augments HCO3 secretion,TRUE
The following are true for gut hormones: Secretin increases pancreatic enzyme rich secretion,FALSE
The following are true for gut hormones: Insulin decreases HCl acid secretion,FALSE
The following are true for gut hormones: Somatostatin reduces gastric and intestinal motility,TRUE
The following are true for gut hormones: Gall bladder contraction is inhibited by CCK-PZ,FALSE
Following are true for bile salt: Bile salt reduces the surface tension of lipid,TRUE
Following are true for bile salt: Bile salt reduces the surface area,TRUE
Following are true for bile salt: It increases the lipid absorption by forming micelle,TRUE
Following are true for bile salt: Micelle is an aggregate of phospholipid,TRUE
Following are true for bile salt: Short chain fatty acid is absorbed directly into the lacteals,FALSE
Regarding gastric juice the following statements are true: HCl acid secretion is an ecbolic process,FALSE
Regarding gastric juice the following statements are true: Freshly secreted HCl has 0.9 pH,TRUE
Regarding gastric juice the following statements are true: HCl secreted from chief cells,FALSE
Regarding gastric juice the following statements are true: Pepsinogen is an saccharolytic enzyme,FALSE
Regarding gastric juice the following statements are true: Gastric juice with masticated food forms the chyme,TRUE
The following statements are true for stomach: After a meal there is post prandial alkaline tide,TRUE
The following statements are true for stomach: The hormone gastrin increases gastric HCl secretion,TRUE
The following statements are true for stomach: Intrinsic factor of castle decreases vit B12 absorption,FALSE
The following statements are true for stomach: HCl acid inactivate pepsinogen,FALSE
The following statements are true for stomach: H+ in parietal cell comes from dissociation of water,TRUE
Saliva: Is alkaline,FALSE
Saliva: Does not helps in speech,FALSE
Saliva: Secreted from parotid gland,TRUE
Saliva: Makes the swallowing easier,TRUE
Saliva: Ptyalin in saliva also causes digestion of starch in the stomach,FALSE
HCl acid in stomach: Is secreted from oxyntic cell,TRUE
HCl acid in stomach: Does not require energy for synthesis,FALSE
HCl acid in stomach: Complete absence of secretion is known as hypochlorohydria,FALSE
HCl acid in stomach: Fractional test meal does not indicate gastric acidity,FALSE
"HCl acid in stomach: Achlorohydria, megaloblastic anaemia gastric atrophy",FALSE
Gastric motility: Requires BER (Basal electric rhythm),TRUE
Gastric motility: Is accelerated by fat in the diet,FALSE
Gastric motility: Inhibited by gastrin,FALSE
Gastric motility: Required to form the chyme,TRUE
Gastric motility: Inhibited by secretin,TRUE
Following are true for bile salt: Bile salt reduces the surface tension of lipid,TRUE
Following are true for bile salt: Bile salt reduces the surface area,TRUE
Following are true for bile salt: It increases the lipid absorption by forming micelle,TRUE
Following are true for bile salt: Micelle is an aggregate of phospholipid,TRUE
Following are true for bile salt: Short chain fatty acid is absorbed directly into the lacteals,FALSE
Glucose absorption: Occurs in colon,FALSE
Glucose absorption: Needs energy,TRUE
Glucose absorption: Is enhanced by lipase,FALSE
Glucose absorption: Decreases in diabetes mellitus,FALSE
Glucose absorption: Is an active transport process,TRUE
Gastric juice: pH is 6-7,FALSE
Gastric juice: Inactivates the salivary amylase,TRUE
Gastric juice: Is essential for absorption of vitamin B12,TRUE
Gastric juice: Is essential for protein digestion,TRUE
Gastric juice: Is secreted on vagal stimulation,TRUE
Activators of digestive enzymes are: Trypsinogen,FALSE
Activators of digestive enzymes are: Enterokinase,TRUE
Activators of digestive enzymes are: HCl,TRUE
Activators of digestive enzymes are: Elastase,FALSE
Activators of digestive enzymes are: Pepsin,FALSE
Pancreatic secretion: Is stimulated by cholecystokinin,TRUE
Pancreatic secretion: Is inhibited by secretin,FALSE
Pancreatic secretion: Contains both endopeptidases and exopeptidases,FALSE
Pancreatic secretion: In response to vagal stimulation is rich in HCO3 but poor in enzymes,TRUE
Pancreatic secretion: Contains also amylolytic and lipolytic enzymes,TRUE
Intrinsic factor: Is a glycoprotein,TRUE
Intrinsic factor: Is required for erythropoiesis,TRUE
Intrinsic factor: Is required for absorption of Vit. B12,FALSE
Intrinsic factor: Deficiency leads to pernicious anaemia,TRUE
Intrinsic factor: Deficiency is associated with achlorhydria,TRUE
Digestive enzymes present in saliva: Ptyalin,TRUE
Digestive enzymes present in saliva: Sucrase,FALSE
Digestive enzymes present in saliva: Lingual lipase,TRUE
Digestive enzymes present in saliva: Lysozyme,TRUE
Digestive enzymes present in saliva: Maltase,FALSE
Gastric HCl secretion can be suppressed by: Atropine,TRUE
Gastric HCl secretion can be suppressed by: Histamine (H₂) receptor blockers,TRUE
Gastric HCl secretion can be suppressed by: Proton pump inhibitor,TRUE
Gastric HCl secretion can be suppressed by: Acetyl cholin,FALSE
Gastric HCl secretion can be suppressed by: Somatostatin,FALSE
End products of fat digestion include: 3-monoacylglycerol,FALSE
"End products of fat digestion include: 1,3-diacylglycerol ",FALSE
End products of fat digestion include: 2-monoacylglycerol,TRUE
End products of fat digestion include: Fatty acids,TRUE
End products of fat digestion include: Glycerol,TRUE
Parietal cell failure causes: Impaired lipid absorption,FALSE
Parietal cell failure causes: Pernicious anaemia,TRUE
Parietal cell failure causes: Impaired vitamin B12 absorption,TRUE
Parietal cell failure causes: Megaloblastic anaemia,TRUE
Parietal cell failure causes: Impaired glucose absorption,FALSE
Following are examples of endopeptides: Teypsin,TRUE
Following are examples of endopeptides: Pepsin,TRUE
Following are examples of endopeptides: Carboxy peptidase,FALSE
Following are examples of endopeptides: Chymotrypsin,TRUE
Following are examples of endopeptides: Aminopeptidase,FALSE
The properties of bile salts are that they: Form micelle,TRUE
The properties of bile salts are that they: Are synthesized from cholesterol,TRUE
The properties of bile salts are that they: Hydrolyse triacylglycerol in the intestine,FALSE
The properties of bile salts are that they: Help in the absorption of fat soluble vitamins,TRUE
The properties of bile salts are that they: Are normally excreted in urine,FALSE
The enzyme alpha amylase: Can hydrolyse starch upto maltose,TRUE
The enzyme alpha amylase: Is present in saliva,TRUE
The enzyme alpha amylase: Is activated by trypsin,FALSE
The enzyme alpha amylase: Can hydrolyse cellulose to glucose,FALSE
The enzyme alpha amylase: Can hydrolyse inulin to fructose,FALSE
Secretion in GIT of: Saliva 1000 ml,TRUE
Secretion in GIT of: Gastric juice 1100 ml,FALSE
Secretion in GIT of: Small intestinal secretion 1800 ml,FALSE
Secretion in GIT of: Bruner's gland secretion 50ml only,FALSE
Secretion in GIT of: Large intestinal secretion 200 ml,FALSE
Gastric acid and pepsin secretion is: Increased by vagal stimulation,TRUE
Gastric acid and pepsin secretion is: Inhibited by the presence of fats in the duodenum,TRUE
Gastric acid and pepsin secretion is: Increased by hyperglycemia,FALSE
Gastric acid and pepsin secretion is: Increased by having alcohol & caffeine,TRUE
Gastric acid and pepsin secretion is: Increased by having alchohol & caffeine,TRUE
Gall bladder contraction is controlled by: Enterogastrone,FALSE
Gall bladder contraction is controlled by: CCK,TRUE
Gall bladder contraction is controlled by: Acetylcholine,FALSE
Gall bladder contraction is controlled by: Glucagons,FALSE
Gall bladder contraction is controlled by: Somatostatin,FALSE
Stimuli that increase gastrin secretion are: Luminal peptides and amino acid,TRUE
Stimuli that increase gastrin secretion are: Blood calcium and epinephrine,FALSE
Stimuli that increase gastrin secretion are: Somatostatin,FALSE
Stimuli that increase gastrin secretion are: Secretin,FALSE
Stimuli that increase gastrin secretion are: Increased vagal discharge,TRUE
Types of neurotransmitters secreted by GIT are: Acetylcholine,TRUE
Types of neurotransmitters secreted by GIT are: Serotonine,TRUE
Types of neurotransmitters secreted by GIT are: Hemenkephalin,FALSE
Types of neurotransmitters secreted by GIT are: Prostaglandin,FALSE
Types of neurotransmitters secreted by GIT are: ANP,TRUE
Synthetic functional tests of liver are: Serum bilirubin,FALSE
Synthetic functional tests of liver are: Serum transaminases,FALSE
Synthetic functional tests of liver are: Serum globulin,FALSE
Synthetic functional tests of liver are: Serum albumin,TRUE
Synthetic functional tests of liver are: Prothrombin time,TRUE
High energy compounds are: ATP,TRUE
High energy compounds are: ADP,FALSE
High energy compounds are: AMP,FALSE
High energy compounds are: GMP,FALSE
High energy compounds are: Substances having standard free energy of hydrolysis approximately -7300 cal/mol,FALSE
Metabolic pathways that occur in mitochondria are: Oxidative deamination,TRUE
Metabolic pathways that occur in mitochondria are: TCA cycle,TRUE
Metabolic pathways that occur in mitochondria are: β-oxidation,TRUE
Metabolic pathways that occur in mitochondria are: Initial step of urea cycle,FALSE
Metabolic pathways that occur in mitochondria are: HMP shunt,FALSE
The most important gluconeogenic precursors are: Pyruvate,TRUE
The most important gluconeogenic precursors are: Glycerol,TRUE
The most important gluconeogenic precursors are: Lactate,TRUE
The most important gluconeogenic precursors are: α-keto acids of glucogenic amino acids,FALSE
The most important gluconeogenic precursors are: acetyl CoA,FALSE
Sources of acetyl CoA are: pyruvate,FALSE
Sources of acetyl CoA are: fatty acid,TRUE
Sources of acetyl CoA are: acetoacetate,TRUE
Sources of acetyl CoA are: oxaloacetate,FALSE
Sources of acetyl CoA are: malonyl CoA,FALSE
Regulatory enzymes of glycolysis are: hexokinase,TRUE
Regulatory enzymes of glycolysis are: enolase,FALSE
Regulatory enzymes of glycolysis are: Glucose-6-phosphate,FALSE
Regulatory enzymes of glycolysis are: Phosphofructokinase,TRUE
Regulatory enzymes of glycolysis are: Pyruvate Kinase,TRUE
Urea cycle: Generates ATP,FALSE
Urea cycle: Utilizes CO₂,TRUE
Urea cycle: Occurs in all cells,FALSE
Urea cycle: Utilizes ammonia,TRUE
Urea cycle: Requires fumerate,FALSE
Glycogen is: A homopolysaccharides,TRUE
Glycogen is: Colloid in nature,TRUE
Glycogen is: Derived from plant sources,FALSE
Glycogen is: A major sources of energy,TRUE
Glycogen is: Found in muscle cells,TRUE
Ketone bodies:  Are formed in kidney,FALSE
Ketone bodies: Are soluble in aqueous solution,TRUE
Ketone bodies:  Are alkaline in nature,FALSE
Ketone bodies: Are not utilized by the body,FALSE
Ketone bodies: Can cross blood brain barrier,FALSE
HMP pathway is active in: Liver,TRUE
HMP pathway is active in: Adipose tissue,TRUE
HMP pathway is active in: Platelets,FALSE
HMP pathway is active in: Non-lactating mammary gland,FALSE
HMP pathway is active in: Skeletal muscle,FALSE
Positive nitrogen balance occurs in: Growing children,TRUE
Positive nitrogen balance occurs in: Pregnancy,TRUE
Positive nitrogen balance occurs in: Diabetes mellitus,FALSE
Positive nitrogen balance occurs in: Tuberculosis,FALSE
Positive nitrogen balance occurs in: Starvation,FALSE
Vitamins act as co: Thiamin,TRUE
Vitamins act as co: Pyridoxal phosphate,TRUE
Vitamins act as co: Biotin,TRUE
Vitamins act as co: Folic acid,FALSE
Vitamins act as co: Phylloquinone,FALSE
Enzymes of urea cycle are: Carbamoyl phosphate synthase II,FALSE
Enzymes of urea cycle are: Ornithine transcarbamoylase,TRUE
Enzymes of urea cycle are: Arginase,TRUE
Enzymes of urea cycle are: Fumerase,FALSE
Enzymes of urea cycle are: Urease,FALSE
Cori cycle transfers: Glucose from muscle to liver,FALSE
Cori cycle transfers: Pyruvate from muscle to liver,TRUE
Cori cycle transfers: NADH from liver to muscle,FALSE
Cori cycle transfers: Glucose from liver to muscle,FALSE
Cori cycle transfers: Lactate from muscle to liver,TRUE
Regarding β: Is energy source for neuron,FALSE
Regarding β: Occurs only with saturated fatty acids,TRUE
Regarding β: Source of energy for heart,TRUE
Regarding β: Provides 7 ATP per turn,FALSE
Regarding β: Propionyl CoA may be an end product,TRUE
Example of anabolic role of TCA cycle are: Fatty acid synthesis,TRUE
Example of anabolic role of TCA cycle are: Hb synthesis,FALSE
Example of anabolic role of TCA cycle are: Metabolism of odd chain fatty acids,FALSE
Example of anabolic role of TCA cycle are:  Provides carbon skeleton for transamination,FALSE
Example of anabolic role of TCA cycle are: Provides substrate for respiratory chain,FALSE
Fates of pyruvate are: Cholesterol,FALSE
Fates of pyruvate are: Aceto acetic acid,FALSE
Fates of pyruvate are: Citric acid,FALSE
Fates of pyruvate are: Oxaloacetic acid,TRUE
Fates of pyruvate are: Alanine,TRUE
Ammonia is removed from the body by: Urea formation,TRUE
Ammonia is removed from the body by: Uric acid formation,FALSE
Ammonia is removed from the body by: Creatinine formation,FALSE
Ammonia is removed from the body by: Glutamine formation,FALSE
Ammonia is removed from the body by: NH4Cl formation,FALSE
Beta oxidation of fatty acid: Occurs in the cytoplasm,FALSE
Beta oxidation of fatty acid: Produces acetyl CoA,TRUE
Beta oxidation of fatty acid: Is not related to energy production,FALSE
Beta oxidation of fatty acid: Is decreased during prolonged starvation,FALSE
Beta oxidation of fatty acid: Is inhibited by the hormone insulin,FALSE
Ammonia intoxication: Is life threatening condition,TRUE
Ammonia intoxication: Occurs in liver failure,TRUE
Ammonia intoxication: Occurs in renal failure,FALSE
Ammonia intoxication: Is toxic to the peripheral nervous system,FALSE
Ammonia intoxication: Is common in dehydration,FALSE
Anabolic function of TCA cycle includes synthesis of: Haem,FALSE
Anabolic function of TCA cycle includes synthesis of: Lactate,FALSE
Anabolic function of TCA cycle includes synthesis of: Ketone bodies,FALSE
Anabolic function of TCA cycle includes synthesis of: Amino acid,TRUE
Anabolic function of TCA cycle includes synthesis of: Cholesterol,FALSE
Following substances are synthesized from acetyl Co: Ketone bodies,TRUE
Following substances are synthesized from acetyl Co: Cholesterol,TRUE
Following substances are synthesized from acetyl Co: Fatty acid,FALSE
Following substances are synthesized from acetyl Co: Lactic acid,FALSE
Following substances are synthesized from acetyl Co: Calcitriol,FALSE
Respiratory chain: Is inhibited by CO2,FALSE
Respiratory chain: Contains riboflavin derivatives,TRUE
Respiratory chain: Is the only machinery for ATP,FALSE
Respiratory chain: Carries electrons,TRUE
Respiratory chain: Is inhibited by oxalate,FALSE
The citric acid cycle: Occurs in cytoplasm,FALSE
The citric acid cycle: Gives one CO2 at the end of reaction,TRUE
The citric acid cycle: Depends on supply of oxaloacetate,TRUE
The citric acid cycle: Cannot produce water,FALSE
The citric acid cycle: Forms ATP only in respiratory chain,FALSE
Ammonia is removed from the body by formation of: Urea,TRUE
Ammonia is removed from the body by formation of: Creatinine,FALSE
Ammonia is removed from the body by formation of: Glutamine,FALSE
Ammonia is removed from the body by formation of: Uric acid,FALSE
Ammonia is removed from the body by formation of: Ammonium ion,FALSE
Gluconeogenesis is: A pathway of glucose utilization,TRUE
Gluconeogenesis is: An energy requiring pathway,TRUE
Gluconeogenesis is: Inhibited during starvation,FALSE
Gluconeogenesis is: Stimulated by elevated level of acetyl Co-A,FALSE
Gluconeogenesis is: Needed to maintain blood glucose,TRUE
Ketone bodies are: Formed in the kidney,FALSE
Ketone bodies are: Soluble in aqueous solution,TRUE
Ketone bodies are: Alkaline in nature,FALSE
Ketone bodies are: Not able to cross the blood brain barrier,TRUE
Ketone bodies are: Utilized in cardiac muscle,TRUE
Low density lipoprotein is: Synthesized from chylomicron,FALSE
Low density lipoprotein is: A marker for atherosclerosis risk,TRUE
Low density lipoprotein is: A carrier of cholesterol from periphery to liver,FALSE
Low density lipoprotein is: A TG rich lipoprotein,FALSE
Low density lipoprotein is: Formed in the circulation,TRUE
Regarding the enzyme glycogen synthase: Rate limiting enzyme in glycogenesis,FALSE
"Regarding the enzyme glycogen synthase: Glycogen synthase, dephosphorylated active form ",FALSE
"Regarding the enzyme glycogen synthase: Glycogen synthase, phosphorylated active form ",TRUE
Regarding the enzyme glycogen synthase: Epinephrine increases the activity by stimulating cAMP,FALSE
Regarding the enzyme glycogen synthase: Insulin stimulates the activity by inhibiting cAMP,TRUE
Are the following statements on lipoprotein true?: They are conjugated protein,TRUE
Are the following statements on lipoprotein true?: HDL is synthesized and secreted by liver,TRUE
Are the following statements on lipoprotein true?: Chylomicron forms in liver,FALSE
Are the following statements on lipoprotein true?: Cholesterol is predominant in LDL,TRUE
Are the following statements on lipoprotein true?: VLDL is rich in exogenous triglyceride,TRUE
In the process of ATP synthesis: ETC is only site of synthesis,TRUE
In the process of ATP synthesis: Mitochondria has no role,FALSE
In the process of ATP synthesis: Reduced coenzymes are substrate,TRUE
In the process of ATP synthesis: Molecular oxygen is used,TRUE
In the process of ATP synthesis: More ADP inhibits synthesis,FALSE
Anaerobic glycolysis: Occurs in the state of shock,FALSE
Anaerobic glycolysis: Is a pathway of brain tissue,TRUE
Anaerobic glycolysis: Does not supply ATP in RBC,FALSE
Anaerobic glycolysis: Produces energy in the ETC,FALSE
Anaerobic glycolysis: Occurs in the intestine,FALSE
Regarding cholesterol: Synthesized in the liver,TRUE
Regarding cholesterol: Normal plasma level: 300-350 mg/L,FALSE
Regarding cholesterol: Main causative factor for diabetes mellitus,TRUE
Regarding cholesterol: Precursor of calcitriol,TRUE
Regarding cholesterol: Excrete through bile,TRUE
Regarding transamination: Needs amino acid oxidase enzyme,FALSE
Regarding transamination: Conversion of amino acid & keto acid to keto acid & amino acid,TRUE
Regarding transamination: Primary step to excrete ammonia,TRUE
Regarding transamination: is catalyzed by one type of aminotransferase,FALSE
Regarding transamination: Requires pyridoxal phosphate,TRUE
Characteristics of HMP shunt are: produces CO2,TRUE
Characteristics of HMP shunt are: generates ATP,FALSE
Characteristics of HMP shunt are: neutralizes H2O2,TRUE
Characteristics of HMP shunt are: supplies the component of nucleotide,TRUE
Characteristics of HMP shunt are: occurs in non lactating mammary gland,FALSE
Following are non protein nitrogenous substance: urea,FALSE
Following are non protein nitrogenous substance: glutamine,FALSE
Following are non protein nitrogenous substance: ammonia,FALSE
Following are non protein nitrogenous substance: purines,FALSE
Following are non protein nitrogenous substance: aspartate,TRUE
Sources of acetyl: beta oxidation,TRUE
Sources of acetyl: pyruvate decarboxylation,FALSE
Sources of acetyl: acetyl choline degradation,FALSE
Sources of acetyl: deamination,FALSE
Sources of acetyl: pyruvate carboxylation,FALSE
Urea cycle: occurs in cytoplasm & mitochondria,TRUE
Urea cycle: removes toxic NH3,TRUE
Urea cycle: requires no ATP,FALSE
Urea cycle: needs CO2,TRUE
Urea cycle: takes place mainly in kidney,FALSE
Biological antioxidant is a function of: Beta carotene,TRUE
Biological antioxidant is a function of: Ascorbic acid,TRUE
Biological antioxidant is a function of: Cobalamin,FALSE
Biological antioxidant is a function of: Tocopherol,TRUE
Biological antioxidant is a function of: Calcitriol,FALSE
Ketosis: is a pathological condition,TRUE
Ketosis: occurs in uncontrolled DM,TRUE
Ketosis: develops when hormone sensitive lipase is inhibited,FALSE
Ketosis: coexists with metabolic acidosis,TRUE
Ketosis: is a consequence of more protein breakdown,FALSE
Acetyl: Pyruvate,TRUE
Acetyl: Fatty acid,TRUE
Acetyl: Ketone bodies,TRUE
Acetyl: Bile acid,FALSE
Acetyl: Acetylcholine,FALSE
Beta oxidation of fatty acids: Occurs in the cytoplasm,FALSE
Beta oxidation of fatty acids: Produce acetyl Co-A,TRUE
Beta oxidation of fatty acids: Is not related with energy generation,FALSE
Beta oxidation of fatty acids: Is decreased during prolonged starvation,TRUE
Beta oxidation of fatty acids: Is inhibited by the hormone insulin,TRUE
Which of the following are incorrectly paired: Protein breakdown - cortisol,TRUE
Which of the following are incorrectly paired: FA metabolism - androgen,TRUE
Which of the following are incorrectly paired: Ketogenesis - GH excess,FALSE
Which of the following are incorrectly paired: Muscle glycogenolysis - epinephrine,TRUE
Which of the following are incorrectly paired: Hepatic glycogenesis - glucagon,FALSE
Substrates for gluconeogenesis are: Lactate,TRUE
Substrates for gluconeogenesis are: Glycerol,TRUE
Substrates for gluconeogenesis are: Propionate,TRUE
Substrates for gluconeogenesis are: Lysine,FALSE
Substrates for gluconeogenesis are: Leucine,FALSE
"Regarding ""β: Oxidation of 3rd carbon of fatty acid ",TRUE
"Regarding ""β: Major source of energy for brain ",FALSE
"Regarding ""β: End product is acetyl CoA ",TRUE
"Regarding ""β: Carnitine acyltransferase is the rate limiting enzyme ",TRUE
"Regarding ""β: Insulin stimulate it ",FALSE
Ammonia intoxication: Is life-threatening condition,TRUE
Ammonia intoxication: Occurs in liver failure,TRUE
Ammonia intoxication: Occurs in renal failure,FALSE
Ammonia intoxication: Is toxic to the peripheral nervous system,FALSE
Ammonia intoxication: Is common in dehydration,FALSE
Glycogenesis: Is accelerated by glucagon,FALSE
Glycogenesis: Is inhibited by c-AMP,FALSE
Glycogenesis: Helps to reduce excess blood glucose,TRUE
Glycogenesis: Requires the protein glycogenin,TRUE
Glycogenesis: Occurs when blood glucose level is reduced,FALSE
Urea: Is the end product of amino acid metabolism,TRUE
Urea: Level is increased in blood in liver failure,FALSE
Urea: Level is increased in blood in renal failure,FALSE
Urea: Is most abundant N₂ compound in urine,TRUE
Urea: Synthesis requires no energy,FALSE
Anabolism refers to: The reactions which are supplied energy,FALSE
Anabolism refers to: The reactions which are needed chemical energy,TRUE
Anabolism refers to: Biosynthesis of large molecules,TRUE
Anabolism refers to: Degradation of large molecules,FALSE
Anabolism refers to: Formation of acetyl Co-A from glucose,FALSE
Substrates for gluconeogenesis include: Lactate,TRUE
Substrates for gluconeogenesis include: Propionate,TRUE
Substrates for gluconeogenesis include: Lysine,FALSE
Substrates for gluconeogenesis include: Glycerol,TRUE
Substrates for gluconeogenesis include: Leucine,FALSE
Regarding TCA cycle: Is an open cycle,FALSE
Regarding TCA cycle: Yields 24 ATP,FALSE
Regarding TCA cycle: Generates 4 NADH+H & FADH2,FALSE
Regarding TCA cycle: Yields 2 mol of CO₂,TRUE
Regarding TCA cycle: Occurs in cytoplasm,FALSE
Blood urea may be low in: Pregnancy,FALSE
Blood urea may be low in: Severe dehydration,FALSE
Blood urea may be low in: PEM,TRUE
Blood urea may be low in: Babies with age <1 year,TRUE
Blood urea may be low in: Chronic liver disease,FALSE
Following substances are synthesized from acetyl: Pentose sugar,FALSE
Following substances are synthesized from acetyl: Insulin,FALSE
Following substances are synthesized from acetyl: Cholesterol,TRUE
Following substances are synthesized from acetyl: 3-hydroxy buteric acid,TRUE
Following substances are synthesized from acetyl: Testosterone,TRUE
Ketone bodies: Are formed in kidneys,FALSE
Ketone bodies: Are soluble in aqueous solution,TRUE
Ketone bodies: Are alkaline in nature,FALSE
Ketone bodies: Can cross the blood brain barrier,TRUE
Ketone bodies: Are utilized in cardiac muscle,TRUE
Gluconeogenic substrates are: Lactate,TRUE
Gluconeogenic substrates are: Propionate,TRUE
Gluconeogenic substrates are: Glycerol,TRUE
Gluconeogenic substrates are: Fatty acid,FALSE
Gluconeogenic substrates are: Cholesterol,FALSE
Ammonia is removed from the body by formation of: Urea,TRUE
Ammonia is removed from the body by formation of: Uric acid,FALSE
Ammonia is removed from the body by formation of: Creatinine,FALSE
Ammonia is removed from the body by formation of: Glutamine,TRUE
Ammonia is removed from the body by formation of: Nitrogen bases,FALSE
Enzymes required in β: Thiokinase,TRUE
Enzymes required in β: Carnitine acyl-transferase,TRUE
Enzymes required in β: Acyl-CoA dehydrogenase,FALSE
Enzymes required in β: Transketolase,FALSE
Enzymes required in β: Thiolase,TRUE
Condition leading to ketosis: Uncontrolled diabetes mellitus,TRUE
Condition leading to ketosis: Toxaemia of pregnancy,FALSE
Condition leading to ketosis: Starvation,TRUE
Condition leading to ketosis: Uremia,FALSE
Condition leading to ketosis: Severe exercise,FALSE
Respiratory chain: Is inhibited by fluride,FALSE
Respiratory chain: Produce ATP by oxidative phosphorylation,TRUE
Respiratory chain: Is located on outer mitochondrial membrane,FALSE
Respiratory chain: Is poisoned by cyanide,TRUE
Respiratory chain: Carries electron and hydrogen to oxygen,TRUE
The citric acid cycle: occurs in cytoplasm,FALSE
The citric acid cycle: is an anaerobic pathway,FALSE
The citric acid cycle: is an amphibolic pathway,TRUE
The citric acid cycle: Cannot start without oxaloacetate,TRUE
The citric acid cycle: Forms ATP only in respiratory chain,FALSE
Following substances are synthesized from acetyl: Ketone bodies,TRUE
Following substances are synthesized from acetyl: Fatty acid,TRUE
Following substances are synthesized from acetyl: Ascorbic acid,FALSE
Following substances are synthesized from acetyl: Glycosaminoglycans,FALSE
Following substances are synthesized from acetyl: Cholesterol,TRUE
Anabolic function of TCA cycle includes synthesis of: haem,TRUE
Anabolic function of TCA cycle includes synthesis of: CO2,FALSE
Anabolic function of TCA cycle includes synthesis of: ketone bodies,FALSE
Anabolic function of TCA cycle includes synthesis of: amino acid,TRUE
Anabolic function of TCA cycle includes synthesis of: cholesterol,FALSE
Ammonia is removed from the body by: urea formation,TRUE
Ammonia is removed from the body by: uric acid formation,FALSE
Ammonia is removed from the body by: creatinine formation,FALSE
Ammonia is removed from the body by: glutamine formation,TRUE
Ammonia is removed from the body by: NH4Cl formation,TRUE
NADPH: maintains reduce glutathione inside erythrocyte,TRUE
NADPH: production is prevented in G6PD deficiency,TRUE
NADPH: generation is an aerobic pathway,FALSE
NADPH: has no role in fatty acid synthesis,FALSE
NADPH: is synthesized in the mitochondria,FALSE
Followings are the lipolytic hormones: epinephrine,TRUE
Followings are the lipolytic hormones: insulin,FALSE
Followings are the lipolytic hormones: secretin,FALSE
Followings are the lipolytic hormones: growth hormone,TRUE
Followings are the lipolytic hormones: thyroid hormone,TRUE
Transamination: is a reversible process,TRUE
Transamination: is restricted to a-amino acid,FALSE
Transamination: requires for funneling of glutamate,TRUE
Transamination: needs vitamin pyridoxine,TRUE
Transamination: non enzymatic process,FALSE
NADPH helps to synthesize: glycerol,FALSE
NADPH helps to synthesize: fatty acid,TRUE
NADPH helps to synthesize: ascorbic acid,FALSE
NADPH helps to synthesize: cholesterol,TRUE
NADPH helps to synthesize: reduced glutathione,TRUE
Pentose phosphate pathway is important in: Kidney,FALSE
Pentose phosphate pathway is important in: Adrenal gland,TRUE
Pentose phosphate pathway is important in: RBC,TRUE
Pentose phosphate pathway is important in: Skeletal muscle,FALSE
Pentose phosphate pathway is important in: mammary gland,TRUE
Requirement for urea synthesis are: glutamate,TRUE
Requirement for urea synthesis are: ammonia,TRUE
Requirement for urea synthesis are: carbon dioxide,TRUE
Requirement for urea synthesis are: aspartate,TRUE
Requirement for urea synthesis are: fumarate,FALSE
Gluconeogenic substrates includes: acetyl Co-A,FALSE
Gluconeogenic substrates includes: propionic acid,TRUE
Gluconeogenic substrates includes: fatty acid,FALSE
Gluconeogenic substrates includes: glycerol,TRUE
Gluconeogenic substrates includes: ketone bodies,FALSE
Pentose phosphate pathway is: a mitochondrial pathway,FALSE
Pentose phosphate pathway is: occurring in cytoplasm,TRUE
Pentose phosphate pathway is: required for cholesterol synthesis,TRUE
Pentose phosphate pathway is: required for gluconeogenesis,FALSE
Pentose phosphate pathway is: active in non-lactating mammary gland,FALSE
Following are the components of respiratory chain: flavoprotein,TRUE
Following are the components of respiratory chain: coenzyme Q,TRUE
Following are the components of respiratory chain: Coenzyme A,FALSE
Following are the components of respiratory chain: Iron sulfur protein,TRUE
Following are the components of respiratory chain: Copper sulfur protein,FALSE
Metabolic pathways occurring in mitochondria are: fatty acid synthesis,FALSE
Metabolic pathways occurring in mitochondria are: ketone body synthesis,TRUE
Metabolic pathways occurring in mitochondria are: fatty acid oxidation,TRUE
Metabolic pathways occurring in mitochondria are: HMP shunt pathway,FALSE
Metabolic pathways occurring in mitochondria are: respiratory chain,TRUE
Ketone bodies are fuel of: liver,FALSE
Ketone bodies are fuel of: RBC,FALSE
Ketone bodies are fuel of: skeletal muscle,TRUE
Ketone bodies are fuel of: heart muscle,TRUE
Ketone bodies are fuel of: brain,TRUE
Anabolic functions of TCA cycle are synthesis of: brain,TRUE
Anabolic functions of TCA cycle are synthesis of: haem,FALSE
Anabolic functions of TCA cycle are synthesis of: pentose sugar,TRUE
Anabolic functions of TCA cycle are synthesis of: amino acid,FALSE
Anabolic functions of TCA cycle are synthesis of: ketone body,FALSE
Tissue capable of controlling blood glucose are: Skeletal muscle,TRUE
Tissue capable of controlling blood glucose are: Cardiac muscle,FALSE
Tissue capable of controlling blood glucose are: Liver,TRUE
Tissue capable of controlling blood glucose are: Kidneys,TRUE
Tissue capable of controlling blood glucose are: Small Intestinal epithelium,FALSE
Catabolic pathway include: Electron transport chain,TRUE
Catabolic pathway include: Oxidative phosphorylation,FALSE
Catabolic pathway include: β-oxidation,TRUE
Catabolic pathway include: Glycogenesis,FALSE
Catabolic pathway include: HMP shunt pathway,TRUE
Ketone bodies: Are formed in kidneys,FALSE
Ketone bodies: Are soluble in aqueous solution,TRUE
Ketone bodies: Are alkaline in nature,FALSE
Ketone bodies: Are utilized as metabolic fuel,TRUE
Ketone bodies: Can cross the blood brain barrier,FALSE
The followings are intermediates of TCA cycle: Pyruvate,FALSE
The followings are intermediates of TCA cycle: Oxaloacetate,TRUE
The followings are intermediates of TCA cycle: Oxalosuccinate,TRUE
The followings are intermediates of TCA cycle: Fumarate,TRUE
The followings are intermediates of TCA cycle: Acetyl CoA,FALSE
The formation of urea requires: Glutamate,FALSE
The formation of urea requires: Ammonia,TRUE
The formation of urea requires: CO2,TRUE
The formation of urea requires: Aspartate,TRUE
The formation of urea requires: Fumerate,FALSE
During formation of urea followings are required: Glutamate,FALSE
During formation of urea followings are required: Ammonia,TRUE
During formation of urea followings are required: CO2,TRUE
During formation of urea followings are required: Aspartate,TRUE
During formation of urea followings are required: Fumerate,FALSE
Substances synthesized from acetyl Co: Brain,TRUE
Substances synthesized from acetyl Co: Haem,FALSE
Substances synthesized from acetyl Co: Pentose sugar,TRUE
Substances synthesized from acetyl Co: Amino acid,FALSE
Substances synthesized from acetyl Co: Ketone body,FALSE
Tissue capable of controlling blood glucose are: Skeletal muscle,TRUE
Tissue capable of controlling blood glucose are: Cardiac muscle,FALSE
Tissue capable of controlling blood glucose are: Liver,TRUE
Tissue capable of controlling blood glucose are: Kidneys,TRUE
Tissue capable of controlling blood glucose are: Small Intestinal epithelium,FALSE
Catabolic pathway include: Electron transport chain,TRUE
Catabolic pathway include: Oxidative phosphorylation,FALSE
Catabolic pathway include: β-oxidation,TRUE
Catabolic pathway include: Glycogenesis,FALSE
Catabolic pathway include: HMP shunt pathway,TRUE
Ketone bodies: Are formed in kidneys,FALSE
Ketone bodies: Are soluble in aqueous solution,TRUE
Ketone bodies: Are alkaline in nature,FALSE
Ketone bodies: Are utilized as metabolic fuel,TRUE
Ketone bodies: Can cross the blood brain barrier,FALSE
The followings are intermediates of TCA cycle: Pyruvate,FALSE
The followings are intermediates of TCA cycle: Oxaloacetate,TRUE
The followings are intermediates of TCA cycle: Oxalosuccinate,TRUE
The followings are intermediates of TCA cycle: Fumarate,TRUE
The followings are intermediates of TCA cycle: Acetyl CoA,FALSE
The formation of urea requires: Glutamate,FALSE
The formation of urea requires: Ammonia,TRUE
The formation of urea requires: CO2,TRUE
The formation of urea requires: Aspartate,TRUE
The formation of urea requires: Fumerate,FALSE
During formation of urea followings are required: Glutamate,FALSE
During formation of urea followings are required: Ammonia,TRUE
During formation of urea followings are required: CO2,TRUE
During formation of urea followings are required: Aspartate,TRUE
During formation of urea followings are required: Fumerate,FALSE
Substances synthesized from acetyl Co: Brain,TRUE
Substances synthesized from acetyl Co: Haem,FALSE
Substances synthesized from acetyl Co: Pentose sugar,TRUE
Substances synthesized from acetyl Co: Amino acid,FALSE
Substances synthesized from acetyl Co: Ketone body,FALSE
Pentose phosphate pathway is important in: Kidney,FALSE
Pentose phosphate pathway is important in: Adrenal gland,TRUE
Pentose phosphate pathway is important in: Red blood cells,TRUE
Pentose phosphate pathway is important in: Lactating mammary gland,TRUE
Pentose phosphate pathway is important in: Energy production of ETC,FALSE
Glucose acts as obligate fuel for followings: Neuron,TRUE
Glucose acts as obligate fuel for followings: RBC,TRUE
Glucose acts as obligate fuel for followings: Adepocyte,FALSE
Glucose acts as obligate fuel for followings: Renal tubule,FALSE
Glucose acts as obligate fuel for followings: Muscle,TRUE
Glycogenesis: Is accelerated by glucagon,FALSE
Glycogenesis: Is inhibited by cyclic AMP,FALSE
Glycogenesis: Helps reduce blood glucose,TRUE
Glycogenesis: Requires the protein glycogenin,TRUE
Glycogenesis: Is an energy requiring process,TRUE
Following are the cause of ketosis: Uncontrolled DM,TRUE
Following are the cause of ketosis: Severe diarrhea,FALSE
Following are the cause of ketosis: Prolonged starvation,TRUE
Following are the cause of ketosis: Insulin overdose,FALSE
Following are the cause of ketosis: Hyperemesis gravidarum,TRUE
The characters of HDL: Acts as a reservoir of apolipoprotein,TRUE
The characters of HDL: Removes excess cholesterol,TRUE
The characters of HDL: Delivers free fatty acid to the tissue,FALSE
The characters of HDL: Removes TG from the adipose tissue,FALSE
The characters of HDL: Is finally taken up by the liver,TRUE
Diabetic ketoacidosis is characterized by: [H+] in body fluid rise,TRUE
Diabetic ketoacidosis is characterized by: Plasma [K+] rise,TRUE
Diabetic ketoacidosis is characterized by: Urinary specific gravity and osmolarity rise,TRUE
Diabetic ketoacidosis is characterized by: Plasma [HCO3-] decrease in compensatory state,FALSE
Diabetic ketoacidosis is characterized by: Arterial PCO2 rise to compensate acidosis,FALSE
High energy phosphate compounds are: Adenosine triphosphate,TRUE
High energy phosphate compounds are: Adenosine monophosphate,FALSE
"High energy phosphate compounds are: 1,3-bisphosphoglycerate",TRUE
High energy phosphate compounds are: Phosphoenol pyruvate,TRUE
High energy phosphate compounds are: Glucose 6-phosphate,FALSE
Metabolic events taking place in the mitochondria: Lactic acid cycle,FALSE
Metabolic events taking place in the mitochondria: Citric acid cycle,TRUE
Metabolic events taking place in the mitochondria: Glucose alanine cycle,FALSE
Metabolic events taking place in the mitochondria: Urea cycle,TRUE
Metabolic events taking place in the mitochondria: Activation of fatty acid,FALSE
Acetyl Co: Generation of energy,TRUE
Acetyl Co: Synthesis of essential amino acid,FALSE
Acetyl Co: Synthesis of essential fatty acid,TRUE
Acetyl Co: Synthesis of ketone bodies,TRUE
Acetyl Co: Synthesis of steroid hormone,TRUE
TCA cycle is regulated by availability of: Acetyl Co-A,TRUE
TCA cycle is regulated by availability of: Oxaloacetate,TRUE
TCA cycle is regulated by availability of: Reduced co-enzyme,FALSE
TCA cycle is regulated by availability of: ATP,FALSE
TCA cycle is regulated by availability of: NAD,FALSE
Following vitamins are required for oxidation of pyruvate to acetyl CoA: Thiamin,TRUE
Following vitamins are required for oxidation of pyruvate to acetyl CoA: Pyridoxine,FALSE
Following vitamins are required for oxidation of pyruvate to acetyl CoA: Niacin,TRUE
Following vitamins are required for oxidation of pyruvate to acetyl CoA: Folic Acid,FALSE
Following vitamins are required for oxidation of pyruvate to acetyl CoA: Pantothenic acid,FALSE
Following are the component of respiratory chain: Flavoprotein,TRUE
Following are the component of respiratory chain: Coenzyme Q,TRUE
Following are the component of respiratory chain: Coenzyme A,FALSE
Following are the component of respiratory chain: Iron sulfer protein,TRUE
Following are the component of respiratory chain: Copper sulfer protein,FALSE
Metabolic pathways occur in mitochondria: TCA cycle,TRUE
Metabolic pathways occur in mitochondria: β-oxidation,TRUE
Metabolic pathways occur in mitochondria: Urea cycle,TRUE
Metabolic pathways occur in mitochondria: Fatty acid synthesis,FALSE
Metabolic pathways occur in mitochondria: NAD synthesis,FALSE
Pentose phosphate pathway is important in: Red blood cell,TRUE
Pentose phosphate pathway is important in: Lactating mammary gland,TRUE
Pentose phosphate pathway is important in: Skeletal muscle,FALSE
Pentose phosphate pathway is important in: Gonads,TRUE
Pentose phosphate pathway is important in: Cardiac muscle,FALSE
Gluconeogenesis: Is the formation of glucose from glycogen,FALSE
Gluconeogenesis: Takes place primarily in the liver,TRUE
Gluconeogenesis: May use acetyl CoA as a precursor,FALSE
Gluconeogenesis: Is stimulated during starvation,TRUE
Gluconeogenesis: Uses ketogenic amino acid as substrate,FALSE
Urea: Is the end product of amino acid metabolism,TRUE
Urea: Is the most abundant N₂ component in urine,TRUE
Urea: Is increased in blood in dehydration,FALSE
Urea: Biosynthesis occurs in mitochondria,TRUE
Urea: Formation causes ammonia intoxication,FALSE
Alternative pathways of CHO metabolism are: Anerobic glycolysis,FALSE
Alternative pathways of CHO metabolism are: Citric acid cycle,FALSE
Alternative pathways of CHO metabolism are: Pentose phosphate pathway,TRUE
Alternative pathways of CHO metabolism are: Uronic acid pathway,TRUE
Alternative pathways of CHO metabolism are: Oxidation of pyruvate,FALSE
Fates of acetyl Co: Further oxidation,TRUE
Fates of acetyl Co: Conversion to pyruvate,FALSE
Fates of acetyl Co: Synthesis of cholesterol,TRUE
Fates of acetyl Co: Substrate for gluconeogenesis,FALSE
Fates of acetyl Co: Taking part in acetylation,TRUE
Metabolic pathways that occur in both cytosol and mitochondria: Glycogenesis,FALSE
Metabolic pathways that occur in both cytosol and mitochondria: Urea cycle,TRUE
Metabolic pathways that occur in both cytosol and mitochondria: β-oxidation of fatty acid,FALSE
Metabolic pathways that occur in both cytosol and mitochondria: HMP shunt pathway,FALSE
Metabolic pathways that occur in both cytosol and mitochondria: Gluconeogenesis from lactate,TRUE
β: Occur in the cytosol,FALSE
β: Generate acetyl co-A,TRUE
β: Occurs only in saturated fatty acid,TRUE
β: Is a energy generating process,TRUE
β: Requires no coenzyme,FALSE
Chylomicrons: Are lipid carrier proteins,TRUE
Chylomicrons: Are originated from liver,FALSE
Chylomicrons: Carry dietary protein,FALSE
Chylomicrons: Supply dietary lipid to cell,TRUE
Chylomicrons: Deliver endogenous TAG to cell,FALSE
Metabolic events taking place in the mitochondria: Lactic acid cycle,FALSE
Metabolic events taking place in the mitochondria: Citric acid cycle,TRUE
Metabolic events taking place in the mitochondria: Glucose alanine cycle,FALSE
Metabolic events taking place in the mitochondria: Urea cycle,TRUE
Metabolic events taking place in the mitochondria: Activation of fatty acid,FALSE
Glycogenolysis: Produce glucose 1 phosphate in liver,FALSE
Glycogenolysis: Is accelerated by insulin,TRUE
Glycogenolysis: Requires enzyme phosphorylase,TRUE
Glycogenolysis: Stimulated by catecholamines,TRUE
Glycogenolysis: Occurs only in liver,FALSE
Synthesis of glycogen requires: A primer,TRUE
Synthesis of glycogen requires: Phosphorylase b,FALSE
Synthesis of glycogen requires: Branching enzyme,TRUE
Synthesis of glycogen requires: UTP,TRUE
Synthesis of glycogen requires: Glucokinase,TRUE
NADPH+H is: Formed during aerobic glycolysis,TRUE
NADPH+H is: A coenzyme for reduction biosynthesis,TRUE
NADPH+H is: Formed in pentose phosphate pathway,TRUE
NADPH+H is: Oxidized in the respiratory chain,FALSE
NADPH+H is: Required for reduction of glutathione,TRUE
Rate of TCA cycle reactions may be influenced by: ATP,TRUE
Rate of TCA cycle reactions may be influenced by: NADH,TRUE
Rate of TCA cycle reactions may be influenced by: FADH2,FALSE
Rate of TCA cycle reactions may be influenced by: Ca++,TRUE
Rate of TCA cycle reactions may be influenced by: GTP,FALSE
Most important hormones involved in gluconeogenesis are: Growth hormone,FALSE
Most important hormones involved in gluconeogenesis are: Insulin,FALSE
Most important hormones involved in gluconeogenesis are: Estrogen,FALSE
Most important hormones involved in gluconeogenesis are: Thyroxin,FALSE
Most important hormones involved in gluconeogenesis are: Cortisol,TRUE
Metabolic pathways occurring in both cytosol and mitochondria are: Glycogenesis,FALSE
Metabolic pathways occurring in both cytosol and mitochondria are: Urea cycle,TRUE
Metabolic pathways occurring in both cytosol and mitochondria are: β-oxidation of fatty acid,FALSE
Metabolic pathways occurring in both cytosol and mitochondria are: HMP shunt,FALSE
Metabolic pathways occurring in both cytosol and mitochondria are: Gluconeogenesis from lactate,TRUE
Following substances are required for synthesis of 1 mole of urea: Aspartate,TRUE
Following substances are required for synthesis of 1 mole of urea: 2 molecules of NH3,FALSE
Following substances are required for synthesis of 1 mole of urea: 1 molecule of CO2,TRUE
Following substances are required for synthesis of 1 mole of urea: 2 molecules of ATP,FALSE
Following substances are required for synthesis of 1 mole of urea: 1 molecule of H2O,FALSE
Synthesis of glycogen requires: A primer,TRUE
Synthesis of glycogen requires: Phosphorylase b,FALSE
Synthesis of glycogen requires: Branching enzyme,TRUE
Synthesis of glycogen requires: UTP,TRUE
Synthesis of glycogen requires: Glucokinase,TRUE
Following are the free radicals: ROO,TRUE
Following are the free radicals: OH,TRUE
Following are the free radicals: O2,FALSE
Following are the free radicals: H2O2,TRUE
Following are the free radicals: H2O,FALSE
Respiratory chain: is present in the mitochondrial matrix,FALSE
Respiratory chain: can be blocked by fluoride,FALSE
Respiratory chain: is the site of ATP production,TRUE
Respiratory chain: is organized into five complex,FALSE
Respiratory chain: requires cytochrome oxidase enzyme,TRUE
Anabolic function of TCA cycle includes: Synthesis of heam,TRUE
Anabolic function of TCA cycle includes: Synthesis of pentose sugar,FALSE
Anabolic function of TCA cycle includes: Synthesis o amino acid,TRUE
Anabolic function of TCA cycle includes: Synthesis o NADPH,FALSE
Anabolic function of TCA cycle includes: Synthesis of CO2 and H2O,FALSE
Release of FFA from adipose tissue is increase by: insulin,FALSE
Release of FFA from adipose tissue is increase by: glucagons,TRUE
Release of FFA from adipose tissue is increase by: epinephrine,TRUE
Release of FFA from adipose tissue is increase by: parathormone,FALSE
Release of FFA from adipose tissue is increase by: growth hormone,TRUE
Free fatty acid level in plasma: rises after a meal rich in fat,TRUE
Free fatty acid level in plasma: is minimum at well fed condition,FALSE
Free fatty acid level in plasma: rises at prolonged fasting,TRUE
Free fatty acid level in plasma: rises in sufficient carbohydrate intake,FALSE
Free fatty acid level in plasma: influenced by insulin,FALSE
Tissue where HMP shunt is not active: hepatic tissue,FALSE
Tissue where HMP shunt is not active: adipose tissue,FALSE
Tissue where HMP shunt is not active: thyroid gland,FALSE
Tissue where HMP shunt is not active: skeletal muscle,TRUE
Tissue where HMP shunt is not active: connective tissue,TRUE
Negative nitrogen balance is a feature of: pregnancy,FALSE
Negative nitrogen balance is a feature of: growing children,FALSE
Negative nitrogen balance is a feature of: chronic disease,FALSE
Negative nitrogen balance is a feature of: malignancy,FALSE
Negative nitrogen balance is a feature of: kwashiorkor,TRUE
Anabolism refers to: biosynthesis reaction,TRUE
Anabolism refers to: degradation process,FALSE
Anabolism refers to: reactions needed chemical energy,FALSE
Anabolism refers to: reactions supplied energy,FALSE
Anabolism refers to: oxidation of fatty acids,FALSE
Following metabolic pathways are occurring in mitochondria: Glycolysis,FALSE
Following metabolic pathways are occurring in mitochondria: TCA cycle,TRUE
Following metabolic pathways are occurring in mitochondria: Ketogenesis,TRUE
Following metabolic pathways are occurring in mitochondria: Lipogenesis,FALSE
Following metabolic pathways are occurring in mitochondria: HMP shunt pathway,FALSE
Gluconeogenic substrates include: Glycerol,TRUE
Gluconeogenic substrates include: Ketone bodies,FALSE
Gluconeogenic substrates include: Acetyl CoA,FALSE
Gluconeogenic substrates include: Propionic acid,TRUE
Gluconeogenic substrates include: Alanine,TRUE
Chylomicron: Is major blood lipids,TRUE
Chylomicron: Is synthesized in intestine,FALSE
Chylomicron: Contain apo B-100,FALSE
Chylomicron: Transport endogenous TG,FALSE
Chylomicron: Is the most dense li[poprotein,TRUE
Ketone bodies are utilized in: Skeletal muscle,TRUE
Ketone bodies are utilized in: Cardiac muscle,TRUE
Ketone bodies are utilized in: Renal cortex,TRUE
Ketone bodies are utilized in: Liver,FALSE
Ketone bodies are utilized in: Red blood cell,FALSE
NADPH is: Derived mainly from HMP shunt,TRUE
NADPH is: Required in fatty acid synthesis,TRUE
NADPH is: Used for synthesis of ketone bodies,FALSE
NADPH is: Taken up by respiratory chain for ATP production,FALSE
NADPH is: Required for bile acid synthesis,TRUE
The citric acid cycle: Plays a vital role in metabolism,TRUE
The citric acid cycle: Produces 24 ATP per turn,FALSE
The citric acid cycle: Requires 4 of the vit-B complex,TRUE
The citric acid cycle: Provides the substrates for amino acid,TRUE
The citric acid cycle: Plays no role in fatty acid synthesis,FALSE
Sources of ammonia in urea cycle: Free ammonia,TRUE
Sources of ammonia in urea cycle: Alanine,FALSE
Sources of ammonia in urea cycle: Aspartate,FALSE
Sources of ammonia in urea cycle: Uric acid,FALSE
Sources of ammonia in urea cycle: Creatine,FALSE
VLDL contains: ApoB-48,FALSE
VLDL contains: Dietary triacylglycerol,TRUE
VLDL contains: Apo E,FALSE
VLDL contains: Cholesterol,FALSE
VLDL contains: Apo B100,FALSE
Ketone bodies are metabolic fuel for: Skeletal muscle,TRUE
Ketone bodies are metabolic fuel for: Heart muscle,TRUE
Ketone bodies are metabolic fuel for: RBC,FALSE
Ketone bodies are metabolic fuel for: Brain,TRUE
Ketone bodies are metabolic fuel for: Liver,FALSE
Most important hormones involved in gluconeogenesis are: Growth hormone,TRUE
Most important hormones involved in gluconeogenesis are: Insulin,FALSE
Most important hormones involved in gluconeogenesis are: Thyroxine,FALSE
Most important hormones involved in gluconeogenesis are: Glucokinase,FALSE
Most important hormones involved in gluconeogenesis are: Cortisol,TRUE
Phenylketonuria is: Autosomal dominant disorder,FALSE
Phenylketonuria is: Autosomal recessive disorder,TRUE
Phenylketonuria is: X-linked recessive disorder,FALSE
Phenylketonuria is: X-linked dominant disorder,FALSE
Phenylketonuria is: Characterized by abnormal phenylalanine hydroxylase,FALSE
Glycogenesis requires: Active phosphorylase,FALSE
Glycogenesis requires: Branching enzyme,TRUE
Glycogenesis requires: A primer,TRUE
Glycogenesis requires: Glucose-6-phosphatase,FALSE
Glycogenesis requires: Glucagon,FALSE
Negative nitrogen balance occurs in: Pregnancy,FALSE
Negative nitrogen balance occurs in: Growing children,FALSE
Negative nitrogen balance occurs in: Malignancy,TRUE
Negative nitrogen balance occurs in: Kwashiorkor,TRUE
Negative nitrogen balance occurs in: Chronic disease,TRUE
TCA cycle is inhibited by: Cyanide,TRUE
TCA cycle is inhibited by: Fluroacetate,TRUE
TCA cycle is inhibited by: Melonate,TRUE
TCA cycle is inhibited by: Fluoride,TRUE
TCA cycle is inhibited by: Arsenite,FALSE
The intermediates of TCA cycle: pyruvate,FALSE
The intermediates of TCA cycle: fumerate,TRUE
The intermediates of TCA cycle: iso-citrate,TRUE
The intermediates of TCA cycle: glutamate,FALSE
The intermediates of TCA cycle: a-ketoglutarate,TRUE
Acetyl CoA is the precursor of: cholesterol,TRUE
Acetyl CoA is the precursor of: fatty acid,TRUE
Acetyl CoA is the precursor of: β-hydroxybutyric acid,FALSE
Acetyl CoA is the precursor of: eicosanoids,FALSE
Acetyl CoA is the precursor of: bile pigments,FALSE